-2.114188752277715189e+00,-6.221651705626667805e+00
1.274741672871086973e+00,-5.987524376094561340e+00
-1.184903979946077879e+00,-4.085608354525987806e+00
5.378209684355446996e+00,-2.843878554820610249e-01
1.179807423049502368e+00,-7.349102796626706180e+00
7.327726777085725729e+00,-1.481538897985971603e+00
2.694514681341057649e+00,-8.402034366613062133e+00
-5.282732231957532498e+00,2.860748474658707963e+00
-3.791685287987260899e+00,2.010447538742754503e-01
-4.498424027806312786e+00,3.113816373040352303e+00
5.189194142912689323e+00,-3.240615215908465796e+00
-5.427327471819490157e+00,2.216452456702831864e+00
6.795606528159712667e+00,-1.458556257471778306e+00
-2.199540657100941488e+00,2.974599938642289221e+00
2.166945565212145208e+00,-7.599273661977253624e+00
6.544837934293852300e+00,1.879383759366391349e+00
1.640735058221801879e+00,-8.120300262393282509e+00
1.209204766455721947e+00,-8.775199316027864072e+00
5.111307605280742905e+00,-2.640552366260356276e+00
-3.050977624251519416e+00,3.086987305118576330e+00
1.294721919783924147e+00,-8.156206137505664699e+00
5.339990557312352060e+00,5.849082262822160594e-01
8.922495491963550407e+00,-5.334502157370957232e-01
-5.533095724028432860e-01,-3.691548750330061246e+00
-9.747772935200346156e-01,-4.640245885759423317e+00
5.719182971197628085e+00,-1.305021289083318159e+00
5.157627472771245891e+00,-6.318909170929816188e-01
1.110037493858778257e+00,-2.951420887229329715e+00
6.152704782774499392e+00,2.473979980956348967e-01
7.248772043494093431e+00,-1.567643310658453970e+00
1.500916482123316298e+00,-6.605483679494866145e+00
1.678405212956494585e+00,-6.917734351944901050e+00
2.780326455729915214e+00,-5.639423529108082533e+00
-5.962633132949363146e-01,-3.816066143762699703e+00
5.731597025000355394e+00,-6.505076735259414100e-01
-5.352918080167105686e+00,1.924633544449312339e+00
2.693507459261033077e-01,-4.331718441868770419e+00
8.923650674443813102e+00,6.548500179039073998e-02
-3.512382151306519873e+00,2.626927660202808656e+00
5.162467602153975932e+00,-1.885202735896497117e+00
1.271332809213838289e+00,-8.202602540897073524e+00
7.780726873288477563e+00,-2.460689170797895287e+00
6.936038566793020443e+00,6.605171768572783986e-01
2.034452613259660314e+00,-5.307155234314150150e+00
-3.481232299130334162e+00,2.446588179929999107e+00
-1.795709007398387014e+00,-3.940872801811520887e+00
2.524346834195190237e+00,-8.898490191464862420e+00
5.596460590304351612e+00,-6.621925990791051042e-01
2.796794210174719630e+00,-6.104889312822065150e+00
6.950640819722622155e-01,-4.437447978881513322e+00
5.999154043910285061e+00,-2.801034922541792982e-01
3.104843856771442034e-01,-6.004692235599856431e+00
5.463683971373474613e+00,-1.104325560719968902e+00
-3.021560085259111794e+00,2.248265410458546221e+00
3.325811328263523770e-01,-2.267506946507703347e+00
4.930370749454396906e-01,-3.995051676597884516e+00
2.090102172116734991e+00,-8.975785052344340542e+00
-3.711743057911474075e+00,2.002054596322012436e+00
2.157650919660170086e+00,-7.898800980212664413e+00
7.154180598852016182e+00,-2.116643638854718290e-01
6.110578415786385165e+00,4.554509591638638000e-01
-6.090442185423457389e+00,3.642189957960903612e+00
-3.848680971327874012e+00,2.740197030246308341e+00
-1.005174471064264496e+00,-4.176769086138583553e+00
-5.644657864677004255e+00,2.360605934328860567e+00
1.857264093609881206e+00,-7.784166792948752800e+00
5.831759109628181115e+00,8.301524381647495954e-01
4.256541301646096009e+00,-2.396295471283446332e+00
-1.052725279671661962e+00,-3.141093862297926975e+00
-5.690737563393553078e-01,-5.330078025084314497e+00
1.452368316098092471e+00,-7.714494586534160092e+00
3.282361211826160030e+00,-8.492350450675862916e+00
4.990680287489270839e+00,-9.931896999243782220e-01
1.665546130854060447e+00,-7.040283894608663218e+00
-3.969820429531596417e+00,3.412052109680391965e+00
-2.400594814165364799e+00,-3.004873691291846782e+00
1.618151610760024006e+00,-3.347393743351224416e+00
2.191683645535163372e+00,-1.020684315735879011e+01
-4.283020406623184506e+00,8.991361720080797149e-01
-1.109209559067768636e+00,-4.442515133960579732e+00
-3.741224453026072982e-01,-5.730106425427213601e+00
-5.699570137479073040e+00,3.258995094919146851e+00
1.617179900273101989e+00,-7.976579577827635603e+00
5.208392375752691983e+00,-1.235682206324943966e+00
-4.169264866730171271e+00,2.201046153304451636e+00
5.084012421144521454e+00,-2.530400969827970581e+00
4.817651460883003445e+00,-2.583705246077078854e+00
-8.741281470551300892e-01,-3.119032621634731051e+00
1.837727067308858819e+00,-8.734711005184033539e+00
1.027349283621791454e+00,-7.794462932204170968e+00
6.968753272523326991e+00,-1.829876387405662719e+00
2.169389074475240875e-01,-5.087938139368127111e+00
-5.509779662005443335e+00,1.313254725201967732e+00
-5.473340644633639229e+00,2.699833259956851972e+00
5.442612724058757401e-01,-6.288027712090355159e+00
4.909464163895536082e-01,-9.253810139086867892e+00
-3.226211892306162787e-01,-3.930378354284515208e+00
-2.343571114041132830e+00,-4.013579471701239854e+00
-4.929233904251817400e+00,2.342319955447208724e+00
-9.385221262074971982e-03,-4.787795234012280687e+00
-4.280205839259298095e+00,2.180441409887851290e+00
6.554358028277196269e+00,-5.099236252462417962e-01
1.723501477587037645e+00,-7.509627729022347431e+00
7.300262291364650657e+00,-1.411196182774764107e+00
-3.977712278436293936e+00,3.433645436732408296e+00
6.689342782350001571e+00,-1.363388515035611981e+00
1.928137532715279212e+00,-6.678511075699526955e+00
3.982761412803716983e-01,-3.334093878401336308e+00
3.297710004707643083e+00,-8.028632084659340862e+00
3.148025619703584077e+00,-8.059289318746138520e+00
6.895709146815855561e+00,-1.703318016206537555e+00
2.021280912678673491e+00,-7.087013263012576836e+00
-2.939699615329355531e+00,3.126691824848728096e+00
6.627713483005398309e+00,-1.351462344466302534e+00
-4.002646217925455829e+00,2.106926215183507978e+00
5.217008544929168323e+00,1.836036836700394304e-01
5.644418648918630765e+00,-2.630043595599544037e+00
1.313246785436122943e+00,-1.024800653314389542e+01
6.966692786751415234e+00,-8.738032749552486766e-01
-4.070641049313293180e+00,1.161250372298294753e+00
2.306581993687568222e+00,-7.574192142915385340e+00
-1.395378973920490928e+00,-3.711184033718417208e+00
-3.277601976819353169e+00,1.483753646648772406e+00
-5.010397339289936802e+00,2.882828875395958779e+00
-3.492108388374913996e+00,2.798753323563366813e+00
2.990869838906029532e-01,-3.760106970294692097e+00
-6.124926346711178304e+00,2.694585206750159667e+00
5.530081926718400709e+00,4.293636080503548946e-02
5.752920282567799859e+00,8.640538263381076778e-01
2.815998559535750623e+00,-9.811655247961390103e+00
2.497588455099183147e+00,-9.745101114880910131e+00
-3.105082357910697866e+00,9.488454603190825676e-01
-3.063933305430742937e+00,3.351524092349628337e+00
-2.922925010387008027e-01,-4.656315215172448951e+00
1.214813567687006879e+00,-9.541215638391291165e+00
-6.595537692530047735e+00,2.318714847454749872e+00
7.345129939516106710e+00,6.825205141836871992e-01
2.038387275128963783e+00,-8.498684891417898513e+00
1.309007750274220783e+00,-7.745640620827773937e+00
-4.702081996070326397e+00,6.544984926743306897e-01
-3.901872652563045829e+00,1.578284356225438945e+00
-3.761709830454855741e+00,1.255337656308279870e+00
7.420214684362678170e+00,-1.590140255716087081e+00
1.516671771499122467e+00,-7.483554441909279653e+00
4.358834885510388446e+00,-5.493846050573860662e-01
3.262880782964039827e+00,-8.525629789274059789e+00
3.168948709328014424e+00,-9.201043845483644290e+00
6.912708332223578722e+00,-5.795050184437977592e-01
1.564984927307172979e+00,-6.776666444052541038e+00
2.528639771533642833e-01,-6.385927546805667099e+00
-3.138675706132857401e-01,-3.688715938728555965e+00
6.933229661552791967e+00,-2.590590081871330330e+00
-1.241821931309500027e+00,-2.942939349970917107e+00
1.344401326807984853e+00,-7.508668611787518543e+00
9.409467158503648232e-01,-4.387155296467055265e+00
1.919095440789483353e+00,-7.064989588305852664e+00
5.189642880529010682e+00,-2.415132937873690544e+00
-4.536763791848731131e+00,4.971947425068328208e-01
2.367392714870613091e+00,-8.082275030922607684e+00
3.443620132300122982e+00,-9.024818332408406363e+00
1.837814268511632543e+00,-9.361262133105748617e+00
5.290497035976920337e+00,-2.884984567290920232e-01
6.774556292038835359e+00,-1.530021635909404321e+00
-5.098131401606462276e+00,2.277859735496103433e+00
-6.310644137515006413e+00,2.738787148915580616e+00
-5.305775093508735551e-01,-5.564418600172598595e+00
-4.731450334712610228e+00,2.692050665826953626e+00
-4.825410627032850064e-02,-4.255771476319757163e+00
2.403873859934108737e+00,-8.666750876162328865e+00
3.371167029226360690e+00,-8.702499195595613912e+00
-6.453137718557202085e+00,2.999976027031277859e+00
5.619735154197194049e+00,-2.104172184912611598e-02
-5.424251018267450597e+00,3.376524613070674086e+00
1.672440448020220627e+00,-8.126626034193026982e+00
1.949063378446292072e+00,-8.039732665693840374e+00
2.292449161388703249e+00,-7.613929332685484219e+00
1.656299413103231588e-01,-5.704541914609471576e+00
2.016769775008014243e+00,-7.193578247303370254e+00
-1.227256139899039589e+00,-4.174606814673956556e+00
-5.624771281141709878e+00,1.096987856254358462e+00
3.489481392043591867e+00,-9.046349682869831099e+00
-5.284921572810556967e+00,2.250705022711342984e+00
-4.736770442345226151e+00,2.340245174316157417e+00
7.283406705388145497e+00,-1.221571030649253764e+00
-2.965582313558257077e+00,9.629664143866154546e-01
-4.176769597648192445e+00,4.453878695927453446e-01
-5.578284355547281637e-01,-4.074180670123355164e+00
6.542204400005289244e+00,-5.779103860701190198e-01
2.108965707151727820e+00,-4.761195898113427027e+00
-1.140804245305019560e+00,-5.266369371856109538e+00
-7.319284152429192947e-01,-5.072310407915388453e+00
1.908886856904191465e+00,-7.576519848694269754e+00
5.901569201273968446e+00,-1.232074687781499422e+00
6.200276377588176402e-01,-7.086858919705867343e+00
-3.896950783523807083e+00,1.000000221062262717e-01
4.265968679671373609e-01,-4.407516169543076678e+00
-4.583335655500486716e+00,3.679771196085826368e+00
-4.851474618905994518e+00,1.264904125887610808e+00
-4.521148218835226551e+00,2.726034896652218098e+00
-3.214958199437776720e+00,2.581999760100756713e+00
5.005166386630229836e-01,-5.513419600093940609e+00
1.395839983168605247e+00,-6.829572566697184932e+00
-5.376151719086444736e+00,3.006254859415185443e+00
2.674951544256249925e+00,-7.902062526515343244e+00
4.897781982893057773e+00,7.403231544630428651e-02
-1.116076119251479870e+00,-3.490486252836340508e+00
-6.935755367306335462e-01,-5.107027397263008694e+00
-6.079237027646743341e-01,-3.967517836016679844e+00
-2.460585411079527329e+00,-5.764872283991614665e+00
1.084360090549382871e+00,-8.856096982424851660e+00
5.293417537584653942e+00,-1.292102636612944888e+00
-1.319772582125631866e+00,-4.709428776321384902e+00
-5.221792771882710404e+00,1.402246594503059995e+00
6.026910762913166852e-01,-1.005087612570112299e+01
1.161816621713203324e+00,-3.915648414909245201e+00
2.915496904433657388e+00,-8.814304216673955139e+00
8.294538556245327765e-01,-5.741923001103542035e+00
-4.482134390399425961e+00,1.350660547433714775e+00
-3.946755784350194141e+00,3.260641519861726234e+00
5.750261913358539090e+00,-9.819569324594594750e-01
2.881662829581690399e+00,-7.464113124317911740e+00
7.632081917259301296e-01,-4.375604160266130194e+00
5.269415585542320812e+00,1.179535492775463101e+00
5.735329984071760201e+00,-6.034965117087696118e-01
5.241628519282120813e+00,-1.241453833434360998e+00
-6.188319730010313435e+00,3.538102747852985619e+00
1.922352817083698762e+00,-7.439954057509044816e+00
-4.606886719293633803e+00,8.742391722903775086e-01
4.758895028318009812e-01,-5.902682868025626917e+00
7.122569499969004347e+00,-1.465380739693593615e+00
-3.454816973172652350e+00,1.599797989034197787e+00
7.635892433416424652e-01,-6.446012347361243400e+00
4.224389785955542820e+00,-3.989558845940995857e-01
5.598676494509903456e+00,-2.025193507588771258e+00
-4.272115715692159199e+00,3.306039201324074472e+00
7.029298179570876215e+00,-2.612686620885457334e+00
-8.568060333694129671e-01,-5.010754961097391380e+00
-2.371781696855663313e+00,-3.337180911811696404e+00
2.603094744482453926e+00,-8.041167535052316850e+00
-4.926071949833090713e+00,1.255189069102566446e+00
-1.917970162541283718e+00,-5.899182256307245353e+00
-4.309779982262075926e+00,1.851012459154143031e+00
9.432715013069283838e-01,-7.917025974788304055e+00
6.064754356697396709e+00,-2.433412728386699087e-01
5.867197907128480772e+00,-1.691185453372953562e+00
-1.731889335727254453e+00,-4.697580021765753067e+00
1.581758273594425335e+00,-7.731151547586375017e+00
-1.597508260165174887e+00,-3.632699000974645376e+00
7.057006489914497749e+00,9.705362290656327495e-01
3.220881394558284150e+00,-8.090358685918467074e+00
-3.435777471770154357e+00,3.902318840266798539e-01
-1.227668648441623933e+00,-5.502385481463267780e+00
-5.631726652814784906e+00,2.034165239033109529e+00
-4.408802598331293510e+00,2.564596341005330959e+00
8.095885112144565188e-01,-3.159922589069347865e+00
-3.484474503339662910e+00,2.036874850069675169e+00
4.644625164080975921e+00,-8.434529054483608235e-03
-4.857056043262415024e+00,2.419333282215090364e+00
8.354277643037116841e-02,-4.803384819983103959e+00
2.154258646030476232e+00,-7.417072986227676523e+00
5.558710173460637449e+00,-1.516889033505534945e+00
4.090447012591731379e+00,-2.727261586737203203e+00
-4.064466011186438354e-01,-4.861617638267526686e+00
5.777610463178022293e+00,-2.990807536344815887e+00
6.735747059914746870e+00,-1.156428614329283011e+00
-4.155880712683530653e+00,4.830245442497424158e+00
2.038948828232757471e+00,-7.273966466853888591e+00
-1.613523379105725519e+00,-5.041841556854786077e+00
5.466676837821365709e+00,-1.580819972341615198e+00
2.555897423896846821e-01,-5.799710215517478673e+00
-3.472703280881267673e+00,2.768392317698827210e+00
2.720784128469624363e+00,-8.539967872995354981e+00
-1.066070729792212957e+00,-2.887129065440242393e+00
5.111489598022530778e+00,-2.928498178782271921e+00
8.241868114522487687e+00,-1.154650010393568849e+00
7.842922013336771414e+00,-2.899931913635226177e+00
8.016766253782204643e+00,-1.254162025837090466e+00
9.949055468861565998e+00,2.974469359346667563e-01
6.605839590756230173e+00,-5.457201023141898810e-01
3.873996175944966147e+00,-8.229184270876388041e+00
7.056602846905504212e-01,-6.266693253806113084e+00
1.867715641718746378e+00,-7.680587511550879043e+00
1.244825706540678478e+00,-4.438249335884054680e+00
9.977472529473043750e-01,-4.478085103093668806e+00
1.337008380839549648e+00,-3.645467896298311139e+00
-1.520278653070320951e+00,-5.623237829526644305e+00
5.974618595163558865e+00,2.494102002322680089e-01
-3.274119335051992596e-01,-6.160395760713516466e+00
3.599296624750389473e+00,-7.322247364802356273e+00
-1.298140629446344896e+00,-5.235337736564680711e+00
-4.912911820918524519e+00,7.306010585365039223e-01
-4.570775720096357020e+00,2.156137984302335386e+00
7.278874174500296057e+00,-2.794737067624192939e+00
-6.813877131537049436e-02,-6.765441566173713284e+00
1.170988763227680307e+00,-8.257270017416644237e+00
6.815010704808594610e+00,-3.309229392607171416e-02
-6.330468187579807449e-02,-7.148908416864959037e+00
-1.037703511824741853e-01,-6.267847257679258099e+00
6.439659292622121001e+00,-2.247470943650067277e+00
6.932476525032583048e+00,-2.905493036640815596e+00
-7.191622472582578141e+00,5.681657926122720692e-01
-4.314880047633447901e+00,1.235622621174404578e+00
-3.848310425337552743e-01,-5.740760463133144142e+00
6.786236491209733934e+00,2.872116866019692960e+00
-3.249518920753555751e+00,2.339339987168280732e+00
2.204406091920507738e+00,-5.597980343199035147e+00
6.981021824307914514e+00,-1.594853043353276156e+00
6.298374279136965903e+00,-1.215320260682651421e+00
1.959818009879977563e+00,-7.785876888950462593e+00
-4.353815550890871577e-02,-4.149022173070809671e+00
-2.345601653633496486e+00,1.436892364808194156e+00
-3.776623529415258140e+00,3.528420724472553616e+00
-6.863038276034685303e+00,3.682631275730280151e+00
2.307003982455786861e+00,-7.872359267491443546e+00
-4.326626151185020142e+00,2.488718190641401318e+00
-4.266722868144736225e+00,3.231011123815472175e+00
-5.395509826752380889e+00,3.875018358728631984e+00
-1.375764360031751288e+00,-4.958055975016470995e+00
-5.651967942467221562e+00,2.437345774734120507e+00
-5.514585963650636025e+00,3.663043194156025528e+00
-1.140440165828551233e+00,-3.559387647427620927e+00
7.022408727959125407e+00,-4.813702070983070236e-01
6.042145720940258258e+00,5.563953917001656091e-01
2.502082544148056531e-01,-3.468811393758562289e+00
3.217113108267541932e+00,-8.143225297051754907e+00
-4.689464006771343896e-01,-5.534105384336592159e+00
6.793090427901677053e+00,-5.840925534336242064e-01
3.181780398604900917e+00,-8.078527682630372908e+00
-5.235259200059564577e+00,5.331248450808312445e-01
6.262446452309919032e+00,2.346982556584276125e-02
-4.834287230091706355e+00,1.186788370611608245e+00
2.571014351243291696e+00,-8.547036180630650293e+00
-5.988379640132920123e+00,3.930078077137469705e+00
4.404492963647067327e+00,-8.634593854795832968e+00
1.818511946443420957e+00,-7.825178845750895285e+00
2.785777844143593640e+00,-9.352819124532423700e+00
7.084454211812613700e+00,-1.602319591418075229e+00
-4.581345633496117564e+00,3.826323326484804888e+00
6.029556817029266824e+00,-8.413787866917228353e-01
-2.056873346546032266e+00,-4.654830206231475920e+00
2.857759747122277538e+00,-5.616689422287004518e+00
-5.636080073825295855e+00,7.577229210829743433e-01
7.093045494942623819e+00,-7.081983847031683155e-01
6.093583344484110320e+00,-8.657725183511739697e-01
3.082476179160395624e+00,-7.600950538736505280e+00
-1.549988896719508347e+00,-4.332795184394551136e+00
6.120927246385042153e+00,-1.394407241531855135e+00
-3.633289469445807995e+00,2.843329921482780520e+00
-5.426784242103941391e-01,-6.860719461268230290e+00
4.919338579170060122e+00,4.976678518993784550e-01
1.105029174096854971e+00,-6.834140827462892531e+00
-4.845954005262645303e+00,4.532769651842944114e+00
-7.639981316619657292e-01,-6.126879037815378126e+00
1.737507086304766801e+00,-9.825703997159877190e+00
-4.472723468092349108e+00,1.564326687707673136e+00
1.298638533113810611e-01,-4.655961956336194696e+00
-5.818491648045834852e-01,-3.345494492656442720e+00
-2.922432489646087372e+00,1.783994842886985843e+00
3.645408295541721522e+00,-8.633219720774311767e+00
7.074076332943050716e+00,-1.934564023110901143e+00
2.629439395252153311e+00,-8.516683444392480595e+00
1.675302178895587524e+00,-6.138505504751919695e+00
-1.207847683638403113e+00,-4.296243735842375067e+00
5.523418603938217153e-01,-3.305307184391577113e+00
4.778712958816674572e+00,-8.058902490417729325e+00
-3.442311855786143404e+00,3.591367265109428608e-01
2.541052106094304763e-01,-5.305791023560757047e+00
1.326099112529242063e+00,-5.199376618080157719e+00
-1.153707616461809859e+00,-5.437743908927766157e+00
8.757488616084241340e-01,-4.679433558322191544e+00
2.086809729132247160e+00,-1.004285139994077625e+01
-5.420995414294282888e-02,-5.204165410050913820e+00
2.906149076272206422e+00,-7.301331452933023769e+00
8.015355029482559956e+00,-1.133041164285355729e+00
6.007994866485740992e+00,-7.593635878153366381e-01
2.162660505986711446e+00,-7.373524906454747452e+00
6.265019866934411930e+00,-1.976323884901742378e+00
-4.080085377377066003e+00,8.415285658338464980e-01
2.954831970811164332e+00,-6.618025638481834783e+00
-5.799139774853928841e+00,1.173079656673295501e+00
-4.480302480273278931e+00,3.182064341811083441e+00
-7.170197367036714731e-01,-6.944541955757964402e+00
6.807884650880769328e+00,-2.526411252315833522e+00
-3.508882099663677145e+00,1.591326818400945697e+00
5.427678591863522861e-01,-6.029406318762826622e+00
2.005672980339924250e-01,-4.262668891136573102e+00
-4.785280158438589559e+00,3.387384200350265218e-01
5.195738041904901294e+00,-2.261018198136887758e+00
7.050026056567271660e+00,-1.599338716331584198e+00
-5.963638187054609574e+00,1.071778497708018918e+00
3.161220811521241458e+00,-6.635953522612227928e+00
-5.830783383506999762e+00,1.586673965382185081e+00
5.937653187860540527e+00,-2.608769194194039187e+00
2.046737184199724613e+00,-6.932985901840923226e+00
7.170669639213300695e-01,-3.796175117902513829e+00
-5.572177543361521046e+00,1.266852389139416335e+00
1.424691728489035247e+00,-9.485851417085983783e+00
-1.795779967822527912e+00,-3.223898198842618079e+00
2.323811627648055822e+00,-9.771572572594868333e+00
-6.229753525817597115e+00,3.442114234336293599e+00
2.595586380448468233e+00,-7.851614786879304475e+00
-3.301284992867250967e+00,2.689334033596273876e+00
6.487581117456262536e-01,-8.031992954149725250e+00
2.701390839957847234e+00,-6.923705716897787354e+00
1.997139849412751245e-01,-4.355148492045179509e+00
-4.974091008707128836e+00,2.334615669502555058e+00
-4.966119005500662098e+00,3.095611797624643557e+00
-1.208147993426746503e+00,-2.597541363925174096e+00
6.718691508557173897e+00,-5.272683981456751656e-01
-3.900932096464090559e+00,3.463312183052480897e+00
3.292388660805518619e+00,-9.042129511179991752e+00
3.778324801701999913e+00,-7.686455330958959387e+00
-5.334548478309741881e+00,4.139175264179425717e+00
5.655886804266335943e+00,-1.851008384028016929e+00
-5.883552633715219971e-01,-4.751289752730305516e+00
5.794917387801143072e+00,-2.482662334628264134e+00
-5.068319150150372820e+00,2.148942071123760122e+00
2.940240890731265822e+00,-7.478875061998802920e+00
2.939330558430788720e+00,-9.363685630419267270e+00
5.452055046941791439e+00,-1.624914561252995160e+00
6.506230589845586998e+00,-1.349684078813318422e+00
4.185716145915550968e+00,-8.939892574376422374e+00
-2.143218613735904665e-01,-4.661907086885742402e+00
-1.272670516286664721e+00,-5.418047562862561506e+00
-1.456775022997906177e+00,-5.688366653602187739e+00
3.756345460724377361e+00,-1.039106825428461711e+01
-5.102043117269561279e+00,2.148776844975144762e+00
-6.012878003332899901e+00,2.724559600510969570e+00
1.231859317474502280e+00,-7.862973657069109557e+00
2.533544529326750006e-01,-9.170085828347595225e+00
4.962917088992859327e+00,-7.114908996189059920e-01
-1.586518162411892474e+00,-4.695113086496220056e+00
6.678399594649495619e+00,-7.436582443802672859e-01
3.834409268286887329e+00,-7.866521685682657861e+00
7.143290443940960799e+00,-1.777450968437337853e+00
3.545827856506136300e+00,-7.336504804115088874e+00
6.301523000609339675e+00,-1.161927046977679234e+00
6.272628388989271997e+00,-1.868927973906966411e-01
6.888057222456915873e+00,-1.316882270318312731e+00
2.827094962981651971e+00,-8.753554967132640030e+00
-5.460646539976095504e+00,3.832856120044676906e+00
3.743252668828620955e+00,-9.721664217593199098e+00
-5.263111805766058637e+00,3.623973804551348543e+00
6.882140718978580374e+00,7.399666103591893140e-01
-4.890461597754203193e-02,-4.914617420217696875e+00
3.383480585648405148e-01,-6.402512209623744788e+00
-4.863542059306209531e+00,1.504696132570111811e+00
3.435662401914212349e-01,-1.082534385289969059e+01
5.305879230868088214e+00,1.352989696224534910e+00
-1.689076094106138903e+00,-4.329091138478920797e+00
-1.341751673072623552e+00,-5.057494561961725310e+00
-6.839261302916543883e-02,-7.300936064419618177e+00
1.531647858072563428e+00,-4.887654510024047383e+00
5.422021411528836765e-01,-8.377079037883188306e+00
-4.707679785005976392e+00,1.384169348910524455e+00
-4.222367253667588471e+00,3.844532431970557163e+00
7.388454147574720743e+00,-1.548714533579028885e+00
5.608581114723541816e+00,-7.154677615398901125e-01
2.012168361693041696e+00,-8.015537528571677228e+00
7.232961603269773221e+00,-1.556320231475067262e+00
2.723231287678218759e+00,-7.754414801211162889e+00
5.826538095773249104e+00,-3.415771689493748209e+00
-4.368222481291538450e+00,4.520687362457890046e+00
-4.099727562838642037e+00,1.467650760730651704e+00
9.091911814740036846e+00,6.787552225847612863e-01
-4.518065533446044668e+00,1.540717772647376194e+00
-4.346433945887341110e+00,3.981523392158736740e+00
2.525919214952286218e+00,-8.915358241118886085e+00
5.878758370129863131e+00,-1.045298047566100008e-01
-3.539236747537592542e+00,1.276888885980524746e+00
3.266844618513744081e+00,-7.880426199302375423e+00
6.704150753028939036e+00,-1.444952653190805680e+00
5.028070477938797467e+00,-1.184308678498092737e+00
3.463629191554328246e-01,-4.332927820257403972e+00
-1.478123998851172738e+00,-2.490629405686160425e+00
5.188645589360392663e+00,-2.007803619121842686e+00
-1.195878925960999872e+00,-6.114234276291750092e+00
-6.936428018794806860e+00,1.789719415421139104e+00
-5.898066067721593697e+00,2.524321495325977160e+00
3.734024945118813221e+00,-2.200817155955488325e+00
5.685221511471906908e+00,-8.911052309244977820e-01
-5.441068189828296431e-01,-4.392006951603907972e+00
-1.443556603032452035e+00,-5.120848342284004318e+00
3.174042926859461211e+00,-7.451063384644899479e+00
-4.197857148046892029e+00,1.935354858242720688e+00
2.427818743812714120e-01,-4.230311779288483898e+00
6.041105951321910084e+00,-7.792813301610341803e-01
7.693971166303299469e+00,-1.984001485838845724e+00
1.587587040760056745e+00,-6.852345573824608849e+00
-5.314086586531047152e-02,-4.568126294421367639e+00
-5.162782386349760166e+00,2.766568030276063794e+00
5.567855344511089655e+00,-1.133662170416741777e+00
5.345917127774359123e+00,-1.868717829024427957e+00
-4.196033558327226132e+00,4.338504280963191739e+00
3.391481788554371324e+00,-9.371971142869263360e+00
-4.094651603740603107e+00,2.756767834084238089e+00
-5.163241229065889115e+00,-1.361504383703699972e-01
2.965147336868202199e+00,-9.304238664064316211e+00
-1.644914182526481916e+00,-4.741830413708140846e+00
-4.757566375214539178e+00,2.716512893224224179e+00
2.951484486397624174e+00,-6.993174576929568786e+00
2.723960447330872725e+00,-9.217506406354770476e+00
2.733236076565249917e+00,-8.734619460248826073e+00
3.110800442646938002e+00,-8.946946707051177228e+00
3.191298179848211625e+00,-8.902372048685576189e+00
1.838943061309056937e+00,-8.672334439052910682e+00
1.612597677478527336e+00,-8.745951498726611817e+00
-9.089630189689741346e-01,-3.158045135749048438e+00
1.452039909723892297e+00,-8.023764776332967585e+00
6.319929767089923267e+00,-6.178332643358522835e-01
-5.539942164152156678e+00,2.758553681498149501e+00
6.884800522666024492e+00,7.600857575300135061e-02
-4.260412938481767497e+00,3.262222440608923080e+00
4.674522201778327224e-01,-4.031466643953555362e+00
1.395739452710131445e+00,-8.323838290295189069e+00
-3.367035205833740497e-01,-4.391204571085240538e+00
2.305873554980509610e+00,-5.605207884702414489e+00
5.821213479272280722e+00,1.290640826956214404e+00
-2.301201973145532154e-01,-4.390603513683402959e+00
-3.818759546519823189e+00,4.165954534621229222e+00
-3.047935061160863768e+00,3.354040880810790881e+00
-7.856493031044720965e+00,2.276333348824010283e+00
-6.119875650786577026e+00,3.541329876732218551e+00
-7.296224259017070057e-01,-4.683289023632812409e+00
-5.581520697000128983e+00,8.704377632242354945e-01
2.001521871217252224e-01,-4.722191315663086364e+00
6.839307868798402801e+00,-7.727061771912773214e-01
4.093974924714886221e+00,-7.354218385816564840e+00
1.879371414978181720e+00,-8.275296181604479884e+00
5.554882758329346970e+00,6.009064559165808728e-01
-4.476668331273100598e+00,1.972653946152678639e+00
5.309290399556377160e+00,-2.276813242656863689e+00
1.973413683595524715e+00,-7.461425967203264342e+00
-1.965411171825845571e+00,3.727414646187960479e+00
6.781371715740940331e+00,-2.229833651013026774e+00
-4.196998860354327121e+00,2.765254922060823350e+00
-1.713770730877872905e+00,-3.965517054552831322e+00
-2.625111152576626861e+00,-4.937930801649224044e+00
-5.369346061342120002e+00,8.783477513180866225e-01
-5.793562307159795033e+00,2.581759112007699919e+00
7.018191432980369626e-01,-8.769404807047477490e+00
1.638808220798999127e+00,-3.875981594839569944e+00
6.751647609692066787e+00,-6.275718888178578592e-01
-1.152113226763448406e+00,-5.889497876310941571e+00
8.203565392193489458e+00,-6.695723093413334936e-01
-2.466391132783657680e-01,-6.421122065423305436e+00
6.845334749650043626e+00,3.038005421469853751e-01
-6.891996188058793216e-01,-4.609076057507648372e+00
-4.614976412381958326e+00,1.883193706149965063e+00
2.683273471630216012e+00,-7.930970580500795286e+00
-4.458270913444963846e+00,2.461639753743114500e+00
2.992116754143133051e+00,-9.462272324927811340e+00
1.470062535622117528e-01,-4.398702519099317421e+00
7.518806805969093787e+00,-1.058053798595758099e+00
5.501586843199034682e+00,-8.108099523920351270e-01
-1.850314681494441282e-01,-4.960594611545266375e+00
-1.565145356486547790e-01,-5.168137383642289251e+00
2.098341360576676085e+00,-8.470625800183503529e+00
5.743042788007973520e+00,-2.339799897035263143e+00
-5.038224645667934709e+00,1.898582721421186559e+00
1.133193496700565239e+00,-8.821002860353891251e+00
7.421486609820959757e+00,-1.199339024605416526e+00
-4.693657308508066173e+00,1.665509032990437621e+00
6.769326553250642142e+00,-2.083492373939271225e+00
-5.087034173401161485e-01,-4.749086203460468170e+00
-4.948034193999148123e+00,2.835162831123761773e+00
9.557280049263208177e-01,-3.466124682841746019e+00
5.990760140437060954e+00,-1.492825978630781814e+00
-5.984262010225036121e+00,2.859762128943601045e+00
-5.720717737968953109e+00,1.242707695193568718e+00
-5.581750133529044255e+00,2.377018829957072032e+00
2.324215441427979201e+00,-8.477969868020014843e+00
-5.271502359124635717e+00,2.512874116098316346e+00
-1.870510243203699074e-02,-4.125646104604444808e+00
9.754276961771195520e-01,-5.690724610573811404e+00
-8.383945631618456851e-01,-4.305824608171315404e+00
-5.876104383061536041e+00,3.228037738247612864e+00
-3.538503744806731355e+00,1.834894801291467203e+00
2.340066428498305040e+00,-7.092104855907053640e+00
2.396578754513727816e+00,-6.536815389498720208e+00
5.499024866374009335e+00,1.606046462221315085e+00
1.606143422834630741e+00,-7.776648577353222791e+00
5.003075849481150250e+00,-1.990881348711776244e+00
-1.850814768621273698e+00,-3.716009726790790779e+00
4.379702040817356590e+00,-9.582744551971289937e+00
6.928383145423606670e+00,-1.145809686421154439e+00
5.705157128981210413e+00,-2.126019781779281637e+00
6.310307679826516747e+00,8.798139877723096802e-01
5.533755070329469561e+00,-1.619889524453636209e+00
1.853974423616391976e+00,-9.359549393373274739e+00
-2.283933461607089987e-01,-3.554853830953106808e+00
-3.322813066252566228e-01,-6.012593766031866238e+00
2.568536207791142001e+00,-8.061977262569305580e+00
6.399985304449463897e+00,-1.444586930014146731e-03
1.158922957489524341e+00,-8.342312982578771852e+00
-4.735248625965784441e+00,1.866541262988747452e+00
-7.011725956148144867e-01,-3.720363027238575704e+00
2.244943601739288752e+00,-8.035607020011717339e+00
1.207130142733154887e-01,-3.461770246261884232e+00
-1.153879530957930832e+00,-5.938505606984637808e+00
1.947202782002126709e+00,-8.607406607234720397e+00
2.589950105052937879e+00,-8.472371064310236122e+00
-9.452020195274827286e-01,-5.971417521497645708e+00
-4.130367401621231060e+00,1.458036017965013809e+00
-3.958238441092207793e+00,3.170182160956852790e+00
6.523844352740796992e+00,-1.587490946651910040e+00
-4.861214010965708709e+00,3.949712762628365237e+00
-4.882090860884464867e+00,2.210542291727457087e+00
8.656239566214467551e-01,-8.041553852231229982e+00
-3.816387748955846204e-02,-5.631383011199785571e+00
-2.266179340856029345e+00,-4.596842052150295288e+00
2.620149874639449816e+00,-7.955647466687276292e+00
5.558760136651772044e+00,-2.009808799626975340e+00
5.345993495758506242e+00,-1.368027335543142931e+00
2.932465318790525188e+00,-9.554985130393331971e+00
-4.466211911990872530e+00,2.406234406155968841e+00
2.476544496991541777e-01,-7.222485190733592297e+00
1.254381675906556248e-01,-3.714461633313357769e+00
3.458443633892915869e+00,-6.315174715606260314e+00
-1.394041877295027820e+00,-3.310832362563281173e+00
5.348943099690020020e+00,-3.926818964597947659e+00
3.807003446505910826e+00,-7.883384747188244113e+00
2.608259411341536937e-01,-4.720973605276356899e+00
5.311042161441234200e+00,-1.225898350166403805e+00
-1.942408275602329315e+00,-3.912383795336796144e+00
2.229222994132550539e+00,-4.478227687524151790e+00
4.726718087519397038e-01,-6.667983291958433867e+00
-2.191306196941159801e+00,-3.908813717641498986e+00
3.882891029698678054e+00,-8.714566205042301172e-01
1.160225788939929226e+00,-4.120221642546827212e+00
-5.730516285501461304e+00,5.498042237982103675e-01
7.453581049259411451e+00,-2.073873804350594874e+00
2.206248768821653439e+00,-8.361846969771249860e+00
1.434826650960866923e+00,-7.877933496504106792e+00
5.139820065673732508e+00,-1.011543347866808551e+00
-4.793333632105682973e+00,2.843798094048388680e+00
3.678198257594869069e+00,-7.672073355313058229e+00
2.034977174810450151e+00,-9.802941594122927427e+00
-4.895839400312688383e+00,1.975134821206859126e+00
1.099399742079068654e+00,-5.034871414556774560e+00
-7.185313563105609092e+00,1.842668584672859655e+00
8.646031122326174767e+00,-1.695457487591069290e+00
2.819950068252245146e+00,-7.881997513551857182e+00
6.552846277047008172e+00,-6.581022711795847524e-01
4.044192399731741938e-01,-4.520640696821058846e+00
7.155782984807501634e-02,-4.280849264074124250e+00
-4.995398152462191987e+00,3.092757971436825848e-01
-4.315556743786483906e-01,-4.555856683980143984e+00
6.340440969353176026e-01,-6.222626131637569280e+00
7.038541729572579619e+00,7.085418551710929158e-01
7.061556235147790517e+00,-5.582097343838505754e-01
-4.360452390029744052e+00,1.972489063639985440e+00
-3.836837546331555160e+00,1.746571949723780381e+00
-4.505648691095059277e+00,1.164314926240455961e+00
-5.489421092577019046e+00,1.308851791433123024e+00
-7.420877260571434597e-01,-5.982765155785722655e+00
-6.013041534188907633e+00,2.548843181919602685e+00
6.674575858336503131e+00,-1.157850079615190264e-01
-3.988772564681587696e+00,2.580028545741800627e+00
4.127935901846148781e+00,-1.934142902813249965e+00
-4.670911447762287061e+00,4.218894156495558434e+00
-1.349595514454129397e+00,-6.353641550737441079e+00
-1.258809611939154305e+00,-3.156206892573893974e+00
-3.693855584981324824e+00,1.654441212666738492e+00
6.637767614964637630e+00,-9.024868038387739988e-01
3.568225726994199931e+00,-8.657685919951131126e+00
6.522022326816822257e+00,-3.606846405560918400e-01
5.827573132465594163e+00,1.734917383271252778e-01
-1.547658204957554628e-01,-3.713240940539121127e+00
-5.679729724964892590e+00,3.485059320432013941e+00
-3.132288596630052879e-01,-4.571515026487565692e+00
1.466592570126369566e+00,-7.444072500224331534e+00
-1.039212472186563874e+00,-5.342293417194570182e+00
8.021444847124261202e+00,-1.891881836884208079e+00
-2.445865749600254713e+00,-5.238423142151134471e+00
4.931165253587861841e+00,-1.083879437958105152e-01
-5.243062875446542925e+00,2.639328783467730588e+00
-4.900344072835519427e+00,3.860829731271476994e+00
-4.491912874342964379e+00,3.230251419236190635e+00
1.098697454117622874e+00,-6.496714832039484300e+00
-3.259699474123647356e-01,-8.541120675014660435e+00
-1.448494001062163861e-01,-7.329314891502140661e+00
2.554336626861843929e+00,-7.931646143396164916e+00
2.111669937321694057e+00,-1.030052015353722972e+01
2.963304162870573411e+00,-7.593454106072898391e+00
-4.231322072050262229e+00,8.523575995069236910e-01
7.645567308393226291e-01,-5.135593034324615225e+00
-4.715009811700706877e+00,1.230898662351460615e-01
-5.480864888334362917e+00,1.945793897068679001e+00
6.639841149193796976e-01,-3.288667188613450421e+00
6.020749953848443248e+00,-9.633275001551628858e-01
2.315129879785046807e+00,-8.207629414859813011e+00
2.071533407641326541e+00,-8.737917203700884983e+00
-4.238754137963086421e+00,2.470988791940329499e+00
-5.415865062701828769e+00,2.202983600813952059e+00
-1.430355821895538782e+00,-5.960225899699661767e+00
4.313867058713588776e+00,-4.769728273371312000e-01
5.555944515600784506e+00,7.945509403281203475e-01
5.905794993937151460e+00,-1.728835204836605577e+00
2.988643201118773574e-01,-2.801651045320851630e+00
4.200769095592545632e+00,-1.914185221843914597e+00
1.809677188449958063e+00,-5.142112091886350989e+00
-5.954196911759619404e-01,-6.047450151591373668e+00
4.940672352626190644e+00,-6.647999936346649097e-01
-8.163704257391082297e-01,-4.230407074721893146e+00
-4.551238674667670736e+00,2.336900532026002786e+00
3.699627573254272050e+00,-8.526938795834036355e+00
-2.471584616587506888e-01,-4.327133050701302608e+00
8.785071797289099038e-01,-5.172733353427930503e+00
1.789192632064172894e+00,-7.015718457292355659e+00
-4.303255595944261103e+00,2.399850999593500678e+00
6.249064444355665771e+00,-1.072227583489609559e+00
5.733316924174642004e+00,-1.996352899960019522e+00
1.507491488537217705e+00,-7.645078129761960106e+00
-4.485162994254505264e+00,3.229141731569197482e+00
-1.269261598743797848e+00,-4.135501801189423787e+00
-3.675732214731356251e+00,1.112507285405848645e+00
-5.811647152940193628e+00,1.818434688990258508e+00
-8.292663095907637505e-01,-5.349382949290575340e+00
2.771576091396518837e+00,-7.102757865386506886e+00
6.786236372709530951e-02,-2.389397605647811673e-01
9.448793233201069341e-02,-2.460699446475401064e+00
5.912945422119422645e+00,-4.926674749896621242e-01
-2.324804692667938877e+00,2.858383035061396793e+00
5.374411283418211838e+00,-2.459891572942509264e+00
6.864872729244704708e+00,-8.018475470624734092e-01
-4.552585295423027922e+00,2.971816428984164205e+00
7.076982161389655523e-01,-5.231140363196340459e+00
-9.336099851508679048e-01,-2.197268545936982065e+00
1.255303055926402234e-01,-8.830782029625066087e+00
4.051481097877466908e+00,-7.349596682624519595e+00
-4.243769410106477125e+00,2.724919867047906230e+00
1.769022433253010007e+00,-1.033280845748965326e+01
4.603749906274500425e+00,-1.546566441712471374e-02
-1.108445187147776734e+00,-4.329128871426219938e+00
-6.489286928481721173e-01,-4.115537388765835303e+00
-1.912678866129055855e-01,-4.623945082971335552e+00
-6.071242890190092778e-02,-5.044042445811865782e+00
5.799336684030723887e+00,-2.731643489569742123e+00
-4.975468654514599187e+00,3.504925154564357825e+00
6.615668263116474712e+00,-2.287186185174097552e+00
-1.386967608920057327e+00,-4.039879359869932074e+00
-4.748519862063528052e+00,4.234865565880302718e+00
2.452784165363645741e+00,-8.912467150112222569e+00
-2.032522554109868818e+00,-6.389065887484010275e+00
6.565944537134209558e-01,-5.501436739268262599e+00
4.568022077749173349e+00,7.782577431495998344e-01
2.116684431359638907e+00,-7.569592999535340816e+00
-4.397090443589650732e+00,1.187685264983758593e+00
2.138725812104335322e+00,-8.935695525710336540e+00
-1.689864189633622782e-01,-3.243093165923998100e+00
1.437246369908776522e+00,-9.534786731289591089e+00
-4.740977354861993120e+00,2.450427067920657898e+00
-2.311022304675736105e-02,-3.595256950680562280e+00
6.040386012395522641e+00,-5.328078087657497353e-01
-3.243283826959975080e+00,2.772486804926842741e+00
-5.212072111291465859e+00,1.570452084477465871e+00
6.783736947652774241e-03,-4.831440576965160716e+00
-2.646329419347289713e-01,-5.761391058704623092e+00
-6.381879230233100664e-01,-4.929785576736986030e+00
1.343411362049974578e+00,-9.191390367775401415e+00
1.840690881396617407e+00,-4.926405110963403722e+00
-3.611444367996957450e+00,2.775349586922243095e+00
-5.827965631708541316e+00,2.020584808549685807e+00
2.453148854389469502e+00,-1.038257857788511274e+01
-4.566898855682098635e+00,2.361458119976158621e+00
-4.833763854823065920e+00,2.648504014149954955e+00
1.487693133232868448e+00,-9.516826007726258752e+00
-5.856456345203413072e+00,3.275902583635335041e+00
1.064395370871677571e+00,-6.769646140292621794e+00
6.586614714556410455e+00,-1.008008562353259085e+00
6.285213299273367582e+00,-1.252623916950099447e+00
3.072352608857119582e-01,-5.335073826474562964e+00
1.686145749074450251e-01,-8.574415153624199704e+00
7.165171651938100794e+00,-1.243956831889574621e+00
-6.065461707671239822e+00,3.025765654722627040e+00
-4.642861385568196830e+00,1.877866532438276170e+00
2.246060076632824920e+00,-5.142161303475531575e+00
7.876589793538759654e-01,-4.151948004230924028e+00
-6.530840670341929943e+00,2.212143442093029488e+00
-4.829156061709069192e+00,2.072665116877858260e+00
5.190032760230007813e-01,-7.225240665311498667e+00
5.165886688082386158e+00,-1.738527418552954451e+00
-6.889011597404692822e+00,2.189811346632250633e+00
-6.065502284857712034e+00,1.143096351247404385e+00
7.438946118818835274e+00,-1.244215193602086433e+00
-3.315161776844876229e+00,2.610656945086483383e+00
1.706637325908156644e+00,-6.973222241093703033e+00
1.135435078254164232e+00,-8.661173097898606343e+00
-6.675143011123236825e+00,2.162087717355785976e+00
2.347820595053457637e+00,-6.638071629638276683e+00
6.668202177021973931e+00,-5.999656166802005419e-01
7.241547390309063914e+00,5.073690116002111949e-01
5.315233938868472841e+00,-8.631494846199555537e-01
2.610785246016485983e-01,-4.479267192915548534e+00
6.200767054405592837e+00,-1.009322762931983863e+00
1.307166292983736433e+00,-7.266110506127965607e+00
7.497373597857144745e+00,-2.063400841726237278e+00
-3.433335103977984915e+00,1.878896399614713442e+00
6.397637509784946275e+00,-8.792393900399370077e-01
2.414328064282137642e+00,-7.714721143269094306e+00
4.214644685956269399e+00,-7.138159027439082926e+00
3.539584149383153466e+00,-8.992598487939634566e+00
6.910736363355395540e+00,-9.378567963225638016e-01
-5.658248701586481300e-01,-3.788258487111229478e+00
4.692121267282327146e+00,-8.647924057878844106e-01
1.502497726668796663e+00,-8.009594094428432953e+00
6.796685585565557908e+00,3.003286552629609307e-01
4.076842410306569242e-01,-4.657132257848178192e+00
1.830376878939827368e+00,-8.708486636005538628e+00
2.114109225930588032e+00,-7.883043117404716860e+00
-4.212181825424510251e+00,3.126158558817461852e+00
5.283078255296103087e-01,-4.870314409386409693e+00
7.298046411930998900e+00,-1.805354549941803555e+00
-5.036624214151654400e+00,1.601225857862657698e+00
1.659337747443130784e+00,-8.203708378414305002e+00
6.588265607167040017e+00,-8.126937461002979868e-01
-2.001315546998162720e+00,-4.899074887070250739e+00
-4.107684503863473502e+00,4.088738298111217695e+00
7.759845209734927973e-01,-9.100251319276544848e+00
2.965530317361871671e+00,-6.337189236576204365e+00
6.010409066722806948e+00,4.749019566427963301e-01
-4.943616378941966261e+00,2.093303703375480662e+00
-7.091585593182234248e+00,8.495787079560215282e-01
-9.386314041411413234e-01,-5.710509115285310244e+00
7.989513727028029422e+00,-1.092989593297031048e+00
-5.523679974155443873e+00,2.456078499138581783e+00
6.908190502993969417e+00,-2.222360270947727034e+00
7.164324075162951111e+00,-6.770940545151860057e-01
-5.132845137622763509e-01,-6.344327749910364744e+00
-4.428773408363723796e+00,3.695219416125796297e+00
-4.814452977576129555e+00,1.466267301723807925e+00
3.042502863273006675e+00,-9.596099239815110593e+00
2.098005329353894055e+00,-7.531459212502456424e+00
-4.688495657120584248e+00,3.807208473245308866e+00
-4.587541017839425805e+00,1.688896897925287188e+00
6.736032006438511743e+00,1.641858759022023939e+00
-5.499454190220882666e+00,1.729518942679022731e+00
-1.579163411249823179e+00,-4.817638023694541971e+00
2.382069462694781370e-01,-3.812934391245462074e+00
-1.954296384578851076e-01,-4.425365058067104229e+00
-3.972788052216567944e+00,3.356451509754850626e+00
6.904449987101615172e+00,-6.996140158665812292e-01
-3.688142733035856935e+00,2.905918534703799239e+00
1.584094346851679269e+00,-7.721585694722027604e+00
5.772185116910385716e+00,-4.984854938442035976e-01
7.158062927912613560e+00,-9.009196398469213607e-01
6.161991244248477884e+00,-2.337158570692001724e+00
9.340428135042486701e-01,-5.117298370783230688e+00
1.648391687263547567e+00,-5.854585754340813963e+00
-2.783284105075638060e+00,1.313750412735759099e+00
-4.807879994632065390e+00,9.409653393896104667e-01
-1.216771337256199459e+00,-7.694132233701997059e+00
-4.729615481361777896e+00,1.974390270622248256e+00
5.014553836625995631e-01,-5.016108400288572966e+00
-1.494742747469923971e+00,-3.692991991123342199e+00
7.158965825687518603e+00,-1.440550183901363468e+00
-5.127402714679484497e+00,2.964409072877849383e+00
-4.514697163636843591e+00,3.342235920940716642e+00
-3.728587879942919514e+00,2.980825882098632196e+00
7.694654528080337563e+00,1.158341379284832939e-02
3.636019459201317083e+00,-6.942848137261676378e+00
-6.632431145867252020e+00,1.945714611342464373e+00
1.682902879873205526e+00,-6.474938244460126668e+00
-5.367406035829640487e-01,-5.154264908632052666e+00
1.732118837866201577e+00,-5.527386280948869413e+00
9.916578061183001225e-01,-6.870384189501794303e+00
-5.530004432696611794e+00,9.924462994361038515e-01
-4.518503113209611399e+00,9.968351658206227039e-01
-7.358585065658360680e-01,-4.198822671457164368e+00
-6.548496945291653049e-01,-5.203137003538850003e+00
-6.750645108161853258e+00,1.400910849120223567e+00
2.060268860515532818e+00,-7.235017558297213824e+00
6.732249048462139562e+00,-1.481589142911444945e+00
-8.224459866371616190e-01,-3.776305966800570069e+00
5.284961799553760997e+00,-2.220363725251045750e+00
2.502601425966421989e+00,-9.679127743561064534e+00
-5.685406733278034253e+00,2.132619943610768232e+00
-5.547706459516214217e+00,2.171247201884578093e+00
7.098756458651331869e+00,-2.819252244890931847e-01
5.605073769077735690e+00,-3.454247198969410126e-01
-4.938238818554181009e+00,1.789511051175154854e+00
-5.219260461068580881e+00,1.959478032312820917e+00
-4.481919459572381470e+00,2.405129882547941467e+00
9.696727972427643394e-01,-3.231196131301993901e+00
-1.174829148571165494e+00,-5.174637272534161170e+00
6.225813495190909208e+00,-2.237070852589670089e+00
7.537030373278305717e+00,-1.619261074257602573e+00
-6.182502612413263154e-01,-3.343294260986652944e+00
-2.179574335242862482e+00,1.753558811170935705e+00
-1.103927854827977839e+00,-5.291311504109308395e+00
5.756629742251591075e-01,-7.046080552532178132e+00
-1.503385093260516614e+00,-4.693447694823759342e+00
2.042389741054879249e+00,-8.909002004975990374e+00
-1.119882701357451715e+00,-6.777502300216499798e+00
1.036190021247953563e+00,-4.039287687130012294e+00
4.482877841285563214e+00,-4.594038663795440014e-01
-8.313980036356105607e-01,-4.592426976896964774e+00
2.971074273095049456e+00,-9.105784340454441406e+00
4.876032877883836214e+00,-2.353809197067924686e+00
2.461492954087391549e+00,-6.486272034572683864e+00
1.639410268066767706e+00,-8.594139872427723148e+00
1.188706257635397723e+00,-9.561215037037461784e+00
3.185217465364221123e+00,-9.447453721918842362e+00
-5.975405340015560007e+00,1.836150253750072459e+00
2.347118040169512421e-01,-4.923747936704211625e+00
6.577862070250311888e+00,-2.815911473465663173e-01
-4.813994222611941431e+00,3.215074389663619581e+00
-4.111264691089894230e-02,-4.278522803736665381e+00
1.280692104540847254e+00,-9.634533469570747855e+00
7.517169204954015083e-01,-7.346216293004127706e+00
-2.010066894648640634e+00,-3.453102525942270518e+00
7.979412704500839837e+00,-1.629648221987075374e+00
6.246823630630765400e+00,-1.849577808180610017e+00
6.093274629510867513e+00,-7.124631260926787002e-01
1.210613178377474508e+00,-9.613226917248892889e+00
1.842041197301333089e+00,-9.794160888505571094e+00
-6.723625917703392574e+00,3.422164115222078973e+00
3.215837167796499863e+00,-8.992066676948264003e+00
-2.540032367195311114e+00,2.029352100657034974e+00
-6.577407795332847584e+00,3.556390203974661546e+00
6.744206983870366656e+00,-2.086892561255913492e+00
1.940714941158223406e+00,-7.389115527484636736e+00
6.197512709013622612e+00,-1.073787993416054798e+00
-2.108398711655774527e+00,7.310104033261388690e-01
6.612836664359855732e+00,3.751465406617917608e-01
3.569714559269142828e+00,-7.321576727720621847e+00
-5.557808867987141355e+00,2.230022764113623879e+00
-6.304785914237162281e+00,3.105177938871086951e+00
5.085122148929513308e+00,-2.428916730503765553e+00
-1.062658227441241943e+00,-6.560867430121201771e+00
-1.546296943789419842e+00,-3.155705412905926988e+00
6.931171068926793133e+00,-2.925393144875982898e-01
7.368891991137854092e+00,-3.037427172216684568e+00
-2.592783842411257589e-01,-2.644655703903759036e+00
7.387067391572744945e+00,1.826533280281019245e+00
2.643989911812167470e+00,-7.491670231414338410e+00
7.585596349761885904e+00,-1.769691619168188401e+00
-5.208486007672737728e+00,2.519593961332642351e+00
-1.079748418806270038e-01,-7.915961752430349385e+00
6.700531090881577612e+00,-2.024013801158048409e+00
6.574133358048253051e+00,-2.722869700628203660e+00
5.605086623477319563e+00,-2.087375148405482328e+00
2.167998588031530005e+00,-7.934555585364055474e+00
6.523211249166988246e+00,-3.265434136981018032e-01
2.645309657054977670e+00,-7.760522506192553571e+00
2.132765054304336383e-01,-4.393868785018034018e+00
5.573287468223155017e+00,-1.449826887100400086e+00
1.398729465295565078e-01,-4.462702534817276856e+00
-1.550918499404777551e+00,-4.502986026593072566e+00
7.347836229250736650e+00,5.511015969148425064e-02
4.602612216347136354e+00,-1.470756105115050394e+00
5.817928528077753292e+00,-2.750038803748378058e-02
2.537096407052252811e-02,-4.810878033229780470e+00
-5.189536598141097912e-02,-3.743410556006777856e+00
7.563241909856441403e+00,-2.481787922070033403e+00
-2.506026193162604887e-01,-4.518639507834127933e+00
2.956705052198524530e+00,-1.004063602078139894e+01
-3.647234878947798187e+00,1.984723818993014088e+00
1.577826170240932857e+00,-7.088294804963851448e+00
-8.184313708582144908e-01,-3.800094565607202490e+00
-1.250962793714370580e+00,-4.708367014375026471e+00
2.402437239609367836e+00,-7.641931071122490593e+00
4.016953088405043282e+00,-6.660370511748359590e+00
6.172085298926455188e+00,-1.491541679155356404e+00
-1.741980824915880799e-01,-6.889537280830174026e+00
4.023524481901628924e+00,-6.823980364671937693e+00
-4.121706684941791821e+00,3.027993423223100500e+00
4.205878328739982130e+00,-8.317316968450199965e+00
1.140204459306757734e+00,-8.118737363134178153e+00
-4.740768771625041289e+00,2.782966636184133868e+00
-1.751821628223003025e+00,-4.112798067711122663e+00
5.952541916515691867e+00,-7.883636323955485192e-01
1.646880198350017865e+00,-8.356872167015998443e+00
1.794305205328079245e+00,-7.328638617010134304e+00
-1.102562572494591997e+00,-4.099472733878406494e+00
4.018720168260823122e-01,-6.407697083854805520e+00
5.514726319150926592e+00,-2.663617635854033106e-01
4.914507042227816314e+00,-5.568345006240238426e-02
2.726775503574594417e+00,-7.699470702797260202e+00
2.487588256745633331e+00,-8.893938838187326112e+00
5.906321033163477452e-01,-5.855676547716770486e+00
-5.999152555033284706e-01,-8.602627312920994029e+00
-3.245336615787163925e+00,-4.012994479037336859e+00
-4.036068471535679159e+00,2.349435499463149224e+00
2.127327319915942372e+00,-6.812616105297832902e+00
1.430933822861479410e+00,-7.963162571649855970e+00
4.705990793222691870e-01,-5.198341590009121660e+00
8.205976664112116126e+00,2.376093269464267799e-01
-6.073436082951851889e-01,-4.682941452179649744e+00
6.997795011687339084e+00,6.043409438555302771e-02
-5.300654824978387580e+00,3.444254667879774523e+00
-5.405926247819441421e+00,1.583322061268984893e+00
1.821077295581811528e+00,-7.705424882632479822e+00
-7.151689764381580217e-02,-5.815556882937433336e+00
-9.686982993631483296e-01,-3.265341694161484121e+00
3.343087772882677999e+00,-9.058421184140676985e+00
8.405813611175732003e-01,-7.221152461345366369e+00
9.859924963793431640e-01,-8.365086902822211457e+00
3.039705667491292562e+00,-7.438393376880386931e+00
9.045778630728378289e+00,4.004946819199771468e+00
9.242131725115818597e+00,-2.490604149574595638e+00
-1.977912105121619746e+00,2.110329277582414065e+00
2.127577162886234774e+00,3.342363849396482678e+00
1.719514901009873142e+00,1.024707400476154717e+00
2.395898704636376664e-01,-4.286656557142516810e+00
8.962072321727578839e+00,-6.508451250261716226e+00
1.757648702673474617e+00,1.860504260250833042e+00
4.348991125170714511e+00,-3.269654274223920964e-01
9.457424465245043876e+00,-2.735935630719072975e-01
6.345215998783412914e+00,-8.273915414365717425e+00
2.773121123679292310e+00,1.076653094077528294e+00
-3.735943051750335364e+00,-7.550909663881837375e+00
-1.482196380185012430e+00,-4.029525847538494077e+00
4.535186934055580821e+00,-8.794581022199462694e+00
-1.625208518217265308e+00,-3.261774324729348251e+00
-2.865517243975152617e+00,-1.718752385671484362e+00
7.072518547981404780e+00,-3.688042600169331386e+00
-7.038015696035730961e+00,4.469188781776907149e+00
4.982346234896722237e+00,2.722523622710870228e+00
-4.980387190733459590e-01,-1.383237302903603805e+00
-2.595473551099715337e+00,2.390582181220704427e+00
8.151025638674173734e+00,-7.739933324428770689e+00
-5.665237493394863932e+00,-1.191563163706060635e+00
-5.313233702631590560e+00,4.744751181104133408e+00
7.099056458738548514e-01,-6.875034862202550556e+00
5.568873864814413821e+00,-6.320072486591642225e+00
-1.380741576523054626e+00,-9.882787251378537974e+00
4.361061595015062409e+00,-4.224522387420917902e+00
7.589836401521596443e+00,-7.351978696280156100e+00
-2.109827371746211711e+00,2.882872804062232674e+00
7.710942853056650392e+00,-8.352518549444249985e+00
-5.069640470454201520e+00,-4.044430217914549708e+00
7.586944891497306998e-01,-7.529823161285591482e-01
9.258056879023612851e+00,-1.880072188744485118e+00
8.831941464836535971e+00,-9.871986585091137911e+00
8.939549486370111708e+00,-1.159412719046670759e+00
4.082235923484672568e+00,-3.273841162726984777e+00
-1.959562667699486838e+00,2.561417887792845960e+00
6.836380539864221006e+00,-6.667080658282737105e+00
4.394352736747137556e+00,-5.535516346789083997e+00
1.429772425740120312e+00,-1.500919077390898693e+00
2.601715287839027724e+00,-1.463088587981966171e+00
-3.427800763630831860e+00,-7.215384222262203551e+00
3.405087279769643871e+00,-1.203738515945566689e+00
6.631936547730289178e+00,-8.909908884219889913e+00
4.199939649109786899e+00,-6.817635288500236257e+00
3.619543572905509876e+00,2.283948417312569035e-01
-1.901483691460900793e+00,-9.237897318790945889e+00
6.688394415272949090e+00,-3.093462571903113911e-01
5.232634808384574399e+00,-4.383952080483811464e+00
2.805260778108920050e-02,-2.592240678634116335e+00
6.757815333155059889e+00,-6.054643305174081114e+00
8.291074903619211511e+00,-7.798800755854813360e-01
-6.599873063189640732e-01,-1.527099443123930200e+00
3.428576853096211963e+00,3.113085040922141999e+00
-2.539553680908945843e+00,-6.613869061047982001e+00
5.962853766883871032e-01,-4.422015174278544514e+00
-2.813613610321500147e+00,-6.485862712328910540e+00
-2.206279963989090653e+00,3.186491448619326761e+00
-5.448093850699157414e+00,1.929365119840406706e+00
-1.741297569315446658e+00,-1.030509920707860516e+01
-3.293233079657296614e+00,-8.460772081557905722e+00
9.874964798577245517e+00,-9.359511691391254828e+00
9.341885648103037454e+00,4.355175483028935091e+00
-1.164577677850259008e+00,-8.936737088815238650e-01
1.994486761835467803e+00,-1.050833927257336775e+01
1.413787863493439545e+00,4.452796328677624871e+00
6.653935640883464231e+00,-1.031077940996558695e+01
6.786248363943823136e+00,-4.879358063182027472e+00
5.120698491418250953e+00,-4.539056697130842366e+00
3.058297761948884030e+00,-5.834023136679441279e+00
-6.864888119325199156e+00,-9.988566406215477755e+00
8.535219526047129079e+00,-9.713195046055066229e+00
-1.750879744543555994e+00,-1.813422944899242495e+00
4.935060880945645323e+00,-3.304355745521493581e+00
-2.247143144887224331e+00,1.167058889515971032e+00
3.041350678433854426e+00,-4.298168515373872900e+00
3.996190390949376336e+00,-8.154340598126751161e+00
-6.284378961830574539e+00,-2.354941199242404082e+00
-3.531437889915470585e+00,4.536422757508587367e+00
7.290359887639484171e+00,2.541467758725490356e+00
8.468280261773514894e+00,-1.064601545804471527e+00
7.654925762867133443e+00,-7.944918452793852559e+00
-6.693426083076339239e+00,-1.345304752102567392e+00
5.278094983566505860e+00,-6.256689835378723252e+00
-3.535156559578287450e+00,-9.573852911051840664e+00
4.422722037220232494e+00,3.245267307477428531e+00
-1.275267941214440093e+00,3.686389618526035861e+00
-6.988675514043981352e+00,-6.341218258851444745e+00
-3.079508451233054167e+00,-8.775581573945157032e-01
9.304905806844985250e+00,-5.035621748795240826e+00
-4.976164704439824504e+00,-9.294175305833821454e+00
4.723434407288598536e+00,-1.088520950969483536e+00
6.827278466288046133e+00,-5.538211663392623052e+00
-5.496597104266063738e+00,-1.022750538767200368e+01
-2.867721209025791751e+00,-4.401177606240361584e+00
4.597530493807990837e-01,-1.689241416478878932e+00
2.323060429200774379e+00,4.254433593825934778e+00
-7.493041910223512403e-01,-1.000816046810506954e+01
-6.974537999633581009e+00,-2.008461288198537531e+00
1.613065185468585128e+00,3.006945036489769407e+00
-7.613400933495522160e+00,-8.948868573356083544e+00
-5.990464083721027677e-01,-1.729068396775485184e+00
9.402425594893326632e+00,4.006782819141484708e+00
-3.809150607387958409e+00,-1.039287820602178058e+00
4.307992389716574166e+00,-2.891954369516820833e+00
-4.510148097657863175e+00,1.173043640785666142e+00
-5.994168600269617286e+00,-4.568317991817869128e+00
3.375566606245628876e+00,1.119689369250355782e+00
6.357567368931039908e+00,-8.895436556600289535e+00
-9.715931631805938551e-01,-7.841402863105908949e+00
8.836581573774143550e+00,-8.720014731762471882e+00
-3.573498400914305151e+00,9.574336500516977821e-02
2.347454622195837004e+00,1.107872640243559914e+00
7.492308156435779409e+00,-2.313731988643752402e+00
9.833751603990190659e+00,5.606460165477731294e-01
-7.224467420400008777e+00,3.250225100450329307e+00
-1.724785416367455859e+00,-5.831438828522344409e+00
-7.714739773897798969e+00,-3.483062985952956048e+00
-4.460214110547459754e+00,-8.177808323502553378e+00
-6.575380668803197715e+00,3.186919006745254634e+00
1.283658057164620558e-01,-3.704177789367816054e+00
4.942482914741143318e+00,-5.850103216970381048e+00
3.010105999517774578e+00,-1.071953040386788736e+01
-1.792343397813992212e+00,1.004677322755190616e+00
1.670768826608318491e+00,3.579268105267615852e+00
-2.646186329524089054e+00,-4.502868071216474810e+00
-5.730974650584563790e+00,-5.129256001286801592e-01
1.363590763931050276e+00,-7.517575382474163348e+00
1.035540935507292204e+00,1.451747962725871588e+00
1.613314579293948725e+00,-9.350465598386193733e+00
-1.503506480599522632e+00,-2.076071342202697068e+00
-6.206522919028966356e+00,2.237011590979998132e+00
-8.647514192657261844e-01,-1.030900089061388769e+01
6.982405316189051803e+00,-7.275796591938853197e+00
-1.275965563869745800e+00,3.934923674691734874e+00
6.318759794070585301e+00,-3.792239558314915548e+00
5.226455944084085203e+00,3.111386916139657899e-01
2.705322630845794052e+00,-5.449679325528495433e+00
-3.955955708207075094e+00,4.736280618453054814e-01
5.684364897234077674e+00,-5.474900457770663920e+00
-5.039492962975518964e+00,-4.695334855714427214e+00
3.823668664575496479e+00,3.154063985422986605e+00
-6.878955469217812535e+00,-6.083108472664905619e+00
-1.591457993383007086e+00,-8.129816480961100211e+00
9.841251200700153134e+00,3.962936341374810212e+00
7.575035345582540103e+00,-6.047771518502596422e+00
5.762779536342742759e+00,1.418410065296141553e+00
-5.272962109622968185e+00,-7.313603356208608020e+00
-5.772845561615396193e+00,-9.071814674148779289e+00
-3.311393266729068863e+00,-6.215035052450284425e+00
-4.455255976975545096e+00,-2.620376617905396444e+00
-2.476596636548458186e+00,-8.544151007997999869e+00
6.626350020470571422e+00,-5.554862529811486205e+00
-7.382452590709205786e+00,-6.696634812446902174e-01
-8.099393340675398179e-02,-9.048756144395490253e+00
3.059443024349414841e+00,-4.873226892224931106e-01
2.792602588128421104e+00,-1.121443651575416922e+00
-6.471426156975070398e+00,2.488144852286151121e+00
1.887786318252969053e+00,-8.548280286112657222e+00
5.344514879474310476e+00,-6.515191048294086684e+00
-2.131935192700103343e+00,-4.225801592390771688e+00
-5.221202338940947207e+00,-8.406403768525748887e+00
-6.072259172650085191e+00,-7.549043140533907348e+00
8.360177965389226529e+00,-4.798865262996227621e+00
6.146414635757579958e-02,-9.293169770094001692e+00
-5.420436856139023263e+00,-6.463733423341738060e+00
8.970108679945258956e+00,8.948114903661199548e-01
-7.045349637396045139e+00,-6.154763094313300265e+00
6.999676774790319911e+00,-1.041931387740213211e+01
7.882880043778820678e+00,-3.185474919898402923e+00
2.144455023350850809e-01,-5.379351858793281593e+00
1.935083233943927894e+00,1.641535628259102708e+00
-5.091155401981680484e+00,2.180889132910326822e+00
7.973728228720807110e+00,-7.379448497354552217e+00
-3.705823739348724999e+00,4.027161149831124831e+00
1.377989608542991462e+00,-2.897191398259443496e+00
-4.749838024586585661e-01,-3.477801617705504889e+00
-4.144973818669502208e+00,-5.737172133299804244e+00
-1.942560012240496903e+00,-1.616399059329840071e+00
-7.175679061280744619e+00,-5.705885816662894072e+00
5.940804824967191422e+00,7.536973047811219573e-01
8.876857447981635119e+00,5.744238705001425416e-01
-1.765593603909755949e+00,1.181161681222944182e+00
1.294250226413581117e+00,-4.276973594823343383e+00
-1.303175695735641071e+00,3.183258481120228467e+00
8.430454436946067887e+00,2.591034610420406281e+00
-2.630557815205467165e+00,-1.000605763968233219e+01
2.039691418348605012e+00,4.216561427156355180e+00
3.560767054202456094e+00,-9.828246329581812546e+00
5.620837383311164004e+00,-8.054784475201097749e+00
1.284449604079959784e+00,-3.588738155870632163e+00
3.529849877918351808e+00,-6.341999992429442123e+00
-6.595346170275067976e+00,4.610207430944866402e+00
7.256360310245579370e+00,-1.006620305687072658e+01
-5.807711488166720670e+00,3.556817709435046382e+00
-4.172038597717959263e+00,-5.232442906416263639e-01
-2.026362512661155968e+00,-9.967076152354483298e+00
3.327241788228469943e-01,-5.898513500662327935e+00
