-2.573142497063742318e-01,-3.665780420800415218e-01
8.214436959911535219e-01,4.738534540058370048e-01
-3.389267986185442449e-01,4.062910963140737297e-01
-3.888987677759175310e-01,9.985559021596759344e-01
-4.071342796138348041e-01,9.191123555158151603e-01
-9.650483056445330332e-01,2.764627916124429152e-01
3.882472622521094263e-01,3.072400581578600964e-01
1.923830728654560632e-02,-5.811222132680958774e-01
9.421697010078008416e-01,3.826554075331058402e-01
-7.337352353857029552e-02,-9.688443494209381113e-01
4.115927083658985075e-02,-5.144984979352511534e-01
1.061024075456030308e-01,4.664753785733614655e-01
-2.312189696054781640e-01,4.454953849770189600e-01
-1.489201098594187256e-01,4.088457761647389943e-01
-7.448375348514049143e-01,-5.817252345729259089e-01
4.372120058106234719e-01,1.484048897441794801e-01
-5.177706663626695516e-01,7.586665846433393590e-02
-5.230127935862791677e-01,1.695777093400460955e-01
-4.409737216617945488e-01,3.108707900992486728e-01
2.826020737903333635e-01,3.894101057444220304e-01
-7.356843080394083467e-02,4.658165167991529243e-01
-2.198723062388445171e-01,-9.509290196154319696e-01
4.790171964840129193e-01,-9.025710556238510096e-02
3.012708980953626714e-01,9.210091996591122099e-01
-5.146719924547809022e-01,1.530154191192607815e-01
-3.511245522941733310e-01,3.921877404278206192e-01
9.734635652889206403e-02,-4.654147496105193738e-01
3.931682605023998356e-01,1.005300233599166315e+00
-4.308847319309568880e-01,-3.097016956384914810e-01
2.126522374624550960e-01,4.925856224848060849e-01
-2.288442686794379677e-01,-9.514091343530338696e-01
6.900522812319450638e-01,6.851317560432109710e-01
1.568719615517543131e-01,-6.467208514722955215e-01
3.388237617588658046e-01,-1.025555494128362888e+00
4.818777393578120294e-01,8.757369595919253236e-01
1.869960372689617456e-01,-4.593447919112278455e-01
9.457148317295659412e-01,2.949760681493073244e-01
6.511703697984719263e-03,9.791418944165890537e-01
4.518924458752218709e-01,2.156815884884160650e-01
-8.898248461803301979e-01,4.989141995298016496e-01
9.383787120005995241e-01,3.903471022522281841e-01
8.331027667818386995e-01,-5.600633037420188476e-01
5.725805383753731492e-01,-8.400896474771636369e-01
1.479775205696644280e-01,-4.708534697771217248e-01
2.405278661587470501e-02,9.390959791731772199e-01
7.855375406165876484e-01,-6.505818225124033738e-01
-1.026555141187437403e-01,1.014171560396959437e+00
3.595663347988860004e-01,3.811414970121117518e-01
-9.323359672709129464e-01,4.385263788192128032e-01
4.334295256397218687e-01,-8.245883557388220542e-01
4.742410818854488896e-01,2.920357242114183238e-01
5.307654351672764781e-01,2.195830186497680914e-01
-9.014226926353555713e-01,5.029297887683652490e-01
-8.725054053595271419e-01,4.199398933301353720e-01
-3.287235971475559876e-02,-1.091179138260200299e+00
-5.863555900784759300e-01,8.713543465948234701e-01
-4.817483113061402644e-01,-1.639163264648945406e-01
-9.440692178188445638e-01,-9.872235951090564676e-02
-1.053008860829358184e+00,2.094703462658648596e-01
1.495851965107833637e-01,4.323934272237384135e-01
-7.074690769155309589e-01,6.971003837649171198e-01
-3.375704959231761171e-01,3.653373842134043925e-01
1.220807876738668613e-01,-5.264122859623112660e-01
-4.826034160355034408e-01,1.501122461074068104e-01
8.733545647923902644e-01,5.331114099800727812e-01
-2.325343897229739665e-01,-9.861083685897332751e-01
1.250783939550109136e-01,4.715858249888931208e-01
8.561944284849777320e-01,-5.729966110249544720e-01
-2.610457026609194209e-01,-9.360962500802498809e-01
4.195176920690028011e-01,-2.877909403737812233e-01
-4.020023222702540644e-01,-3.409795072368365099e-01
3.006140803873872946e-01,4.022171967957930416e-01
3.727072939612924296e-02,4.781371265293729578e-01
2.809584483034228142e-01,9.202601387179774051e-01
4.360390522621389597e-01,1.503540136948441353e-01
-8.887015149881191123e-01,-4.993415981781730850e-01
-5.296232181257700677e-01,8.881856778912386452e-03
8.805899205099790850e-01,3.053521303683129351e-01
4.798488701926340583e-01,-2.426670276866145781e-01
-7.463423455479344382e-01,5.178440270218958030e-01
-4.746169080345702396e-01,8.083709939451255710e-01
1.009408155862370426e+00,-2.748981660345502925e-02
2.719876347091947366e-01,-9.922382403909915105e-01
9.710191690673718456e-01,1.598238361263536744e-01
-6.104208707457282612e-01,-8.365166461183323188e-01
2.325149077490133026e-02,-5.218365052706483986e-01
5.924285130358400986e-01,4.439096086349220843e-02
9.540885939492709245e-01,2.495999179684417202e-01
4.840712773864767060e-01,7.335503249069981468e-02
-1.069059259199894585e-01,9.991172311917387860e-01
5.330147715162939503e-01,7.585124206798643520e-01
9.721503363799306463e-01,-3.957099154571281918e-01
8.970055608973885874e-01,-4.876646863125578268e-01
4.041343524735623860e-01,8.787844895068951390e-01
3.553338860630663731e-01,-9.015715388091166682e-01
3.132738351105537888e-01,3.485063274696339475e-01
-5.076664906892907059e-01,-2.793408690771469471e-01
-4.426465643285134588e-01,9.705896522296650897e-01
9.997639421448132335e-01,-3.826998381302729735e-01
1.791928613946570242e-02,-9.806189877305562241e-01
4.592431744537969762e-01,-6.846959774378581776e-02
-4.408938835037771176e-01,-3.086924394508355762e-02
3.235745733759919363e-01,3.908744305971144639e-01
-1.984757803340774229e-01,-1.035219037740043202e+00
-3.891552079873500380e-01,-9.572076730001245481e-01
-3.232332409366923121e-01,-9.402388942997295107e-01
8.585730208058813817e-01,-1.632739477716135257e-01
-4.203873414239044370e-01,-3.780315486727772178e-01
-4.428559317267928841e-01,-3.211392724519157027e-01
-5.020329626792204847e-01,-4.264851413301734562e-02
-4.310976798604980176e-01,3.447721327256265123e-01
-6.099656802485898810e-01,-7.753144511358686097e-01
-5.170687988294565551e-01,1.993664960134074182e-01
5.096163059309597454e-01,-1.874444455430746281e-01
6.893179120999287646e-01,8.115604723087304073e-01
-4.983962224697618404e-01,-1.608018711164969083e-01
9.395893528788281657e-01,-3.609269874306162418e-01
-9.351674979334763105e-01,-4.389375661794478467e-01
8.545115594568217787e-01,-4.237372085741803462e-01
-4.769494800565681758e-01,3.105676593439084254e-02
3.103483948596749142e-01,-8.571169935993064870e-01
-7.224498794356436215e-02,5.106904328577439589e-01
3.991774026915414497e-01,-1.829688267686652159e-02
5.532025374479510038e-01,1.723592212142786295e-01
-7.801819113448565934e-01,7.939540858629142717e-01
-1.835815189563305139e-01,4.232281304087383567e-01
-5.498467609882338181e-01,-4.626748778176773685e-02
9.679910904842428110e-01,2.213827027593650854e-01
5.451098529442183205e-01,-8.080518984339478059e-03
-1.805902243177134048e-01,-4.853320436119870074e-01
1.903159753196969062e-01,-4.524546851404642189e-01
8.402929755797694522e-02,-5.190763304285980206e-01
-5.295727496902256082e-01,-5.893123008607263624e-02
5.134696391768439616e-01,-8.782066980912480725e-01
9.721792652501416443e-01,-4.203833321447827953e-01
-4.308254129741367899e-01,-7.990674147861587251e-02
3.394124933776988540e-01,-9.931869297016906462e-01
-4.996304206032333717e-01,1.945137187390081068e-01
-5.805107557703104160e-01,7.795448951434522655e-01
3.428803437412161065e-02,9.374764314157464362e-01
-1.938717629393431063e-01,4.479745717407100369e-01
9.231747954502502740e-01,-4.304919727160710363e-01
-8.402075180256520781e-01,-4.984723013093992350e-01
-9.523848385229012337e-01,-2.517326977712345815e-01
1.001008366936234489e-01,1.058215177411862218e+00
2.713161889529851212e-02,-9.321624500318439477e-01
8.746205425621111917e-01,-3.274891226039345349e-01
4.680856606491113486e-02,4.598336469969631080e-01
2.870552750140630827e-01,-4.333385315944227600e-01
-4.856158221063441305e-01,-9.893578224641880192e-02
1.958387456743966304e-01,4.696523722472906170e-01
-1.157297034592305041e-01,-5.031399007110261001e-01
-7.451258398640073222e-02,-5.560158766856537760e-01
8.067396593486182432e-01,4.315300727939663794e-01
7.991320158995364187e-01,5.563397174324775651e-01
2.219680530738573077e-01,1.056629082342825710e+00
-1.536741571226349357e-01,-9.663198985053912393e-01
6.888869668112006517e-01,-6.394065239269890455e-01
7.590326162162333024e-01,-5.230770603558376752e-01
3.625253814303112665e-01,-4.166003638371281736e-01
-6.865357270717024063e-01,6.942399133896256513e-01
4.474591148483524350e-01,-9.174963678113280674e-02
3.080570950301617095e-01,9.808175234445929425e-01
7.311965597661082006e-01,6.282332695705360459e-01
-3.915602332547591519e-02,-4.543292225919091099e-01
2.520165357404389184e-01,-4.709091870794013257e-01
5.590721924905908136e-01,-2.534212513621874469e-02
4.503529337923323217e-01,3.885854828337263756e-02
-7.189147079634226056e-01,6.283433682559224076e-01
-3.780061963973831984e-01,-2.565709790482262886e-01
6.909275795078356763e-01,-6.052431957225372638e-01
4.276171974249979857e-01,-1.765113090217956815e-01
-3.303801382251054797e-01,3.964272179455592404e-01
4.453095154779296294e-01,1.544360609636735715e-01
3.083280890907231786e-01,9.666101248404553870e-01
-3.911701789202333690e-01,-9.583318526267450288e-01
-4.873139153561389381e-01,8.449702551416518048e-01
-2.782351938641992040e-01,-3.630041215481495942e-01
-8.660336117753452134e-01,5.635894649273676116e-01
4.044182747910128883e-01,-2.825062090514027235e-01
-7.589791335968607555e-01,-6.731671993810149912e-01
-5.454251851042398735e-01,8.293458017016904771e-01
-6.191033224065116691e-01,-2.399352576156695283e-01
4.690237284453007693e-01,-1.368960335577582565e-01
2.335169111207505838e-02,1.003484362119304363e+00
-8.001454080912295819e-06,5.063343308762674466e-01
1.069081448678342594e-01,-4.603055572250507321e-01
4.080082775567951958e-01,-1.925398165564138897e-01
-5.622645024074567760e-02,-5.364947843808508532e-01
-7.932795265979612764e-03,4.829888461212903383e-01
1.964551075785820333e-01,4.498747254345606406e-01
3.800451595222174017e-01,-2.717830813635596643e-01
-9.983264579299996333e-01,-3.929235338754153428e-01
2.151823656036023769e-01,-4.293074260284451826e-01
4.625534133293593975e-01,7.887674104919164542e-01
-4.279696156114767280e-01,-9.511663868778277853e-02
-8.510924359829623587e-01,-2.916988881833906255e-01
4.697916158468089520e-01,7.635215013001187545e-01
-5.626049530965885337e-01,-2.823893540374833311e-01
5.390471676893957564e-01,2.226478673504980743e-01
-7.598346776882333176e-01,-5.726026009650255766e-01
-4.730957951811549655e-01,7.826275845190763802e-02
1.063909726664903799e+00,-1.018157531730402438e-01
-5.331911631004192520e-01,-1.910850153211045566e-01
9.594730368844364143e-01,-3.452855293465846853e-01
7.646346124782893439e-02,3.727099844231331338e-01
-5.261396832076589147e-01,-9.038339727861894879e-01
-9.513190450060066139e-02,1.092466564962706554e+00
-3.992444989886158035e-01,-8.257675185824014941e-02
8.566384845553592919e-02,5.645816513733933339e-01
-8.588870661673189688e-02,9.711531251126009900e-01
3.657483502268831788e-01,-3.217664724719510594e-01
5.161520627373546999e-01,3.160515909069767093e-01
-1.013596326689247817e-01,5.123288271050742138e-01
-4.654777704234882019e-01,8.516320713785263674e-02
8.134436816122725400e-01,-5.768582917754859762e-01
9.548308773157551110e-01,3.282903301120769779e-01
4.262867236519296554e-01,-2.855114293339872655e-01
-2.241336599285767839e-01,-3.676568072337548232e-01
-8.565184454414953574e-01,4.332396964522245986e-01
2.105832099270818769e-01,8.896700144573531643e-01
2.613063322305452796e-01,-4.126368923515350562e-01
7.087694497101478808e-01,-7.009110549661031753e-01
-4.832461336821112785e-01,9.278995878549710363e-02
-5.611352667066767941e-01,1.573751488403740129e-01
-6.732927925952731929e-01,-6.491090425512467954e-01
1.357875659237927912e-01,-4.894501745636603562e-01
3.558273393986030042e-01,-1.055779492945616349e+00
1.064165071206054636e+00,-9.160464625946593276e-02
-3.622711382824872484e-01,1.059087255490078316e+00
-8.247714158401918683e-01,-3.146298466682452277e-01
-1.026532015256470531e-01,-5.514266726189441803e-01
-3.977475309368824208e-01,2.918898110241707755e-01
1.653274443955149442e-01,9.462332873230525632e-01
2.065038885710615210e-02,3.697049972221824188e-01
1.732209601322067805e-01,-4.016489461408697115e-01
-8.380539891336027392e-01,6.453695817788277500e-01
9.872310374367739838e-01,2.151256329421086522e-01
-4.772105363391401234e-01,-8.535457815462311748e-01
2.547819940079580348e-01,3.768897296669057595e-01
1.913859770847418651e-01,-4.464157440779213948e-01
-2.786468290959657756e-01,-4.007791915099319646e-01
-9.826406822661886142e-01,2.077902114467125860e-01
-3.734126646876705924e-01,-1.052469104664633281e+00
-3.377854022670079281e-01,4.053971112241682717e-01
-4.686939761938870297e-01,1.385941909039001829e-01
3.119987402714475833e-01,3.599172068408659775e-01
8.825082312669330076e-01,6.664119749980896845e-01
9.308492465014560624e-01,2.595427916692565340e-01
7.650217214362241558e-01,-5.920854077575252727e-01
-1.873371007960963897e-02,-3.915350807918307474e-01
9.737949344763623394e-01,7.764191556567334729e-02
4.834224095851606950e-01,-1.540073959647873525e-01
3.852658353144818859e-01,1.351690166462833076e-01
-9.398897400440092698e-02,-9.928474771893577300e-01
-3.580650642241879344e-01,2.847842917422092057e-01
2.903733312461394545e-01,-3.940927766065230875e-01
-3.671024969461671450e-01,3.533945286193647117e-01
-1.781533052140686635e-01,4.854762082902817633e-01
5.037410869477075837e-01,1.390842971028116715e-01
4.789981600844137599e-01,-4.999723361241970726e-02
-7.264426422342259992e-02,9.046501575402638995e-01
6.153049658739189187e-01,7.932028044094102670e-01
9.652236014902506600e-01,2.092459488470240492e-01
-9.434954540117641564e-01,3.515217579334266595e-01
-5.375100233485508028e-01,9.668651572259588656e-02
3.652583391385619827e-01,3.790811896344518095e-01
-7.424170124942737203e-01,-6.035131191361465808e-01
4.721098945008670444e-01,9.412143419186149718e-01
-2.598595466304490231e-01,4.687663199762882593e-01
-8.341810882748317280e-01,-4.966181502003843562e-01
1.710632349039521022e-02,-5.625363742523568078e-01
4.904958512530664394e-01,-3.021501084876668589e-02
2.015010424780542819e-01,3.865385340560944516e-01
-7.628904726495044919e-02,-9.473360817085810792e-01
1.230552798037772289e-01,5.200867679084306694e-01
5.651661921971434799e-01,-9.279435927210866186e-02
3.085914279552552306e-02,-9.565514739534882738e-01
-9.201998584108473933e-01,3.949252679304801616e-01
4.165267001810062375e-01,2.697181204533081744e-01
-6.777615080517220836e-01,7.308459504279001262e-01
1.017937696703423711e+00,-6.201343562134378762e-03
-4.471576922409171706e-01,1.292845823064972255e-01
-3.837942589259025761e-01,-3.157501969004639086e-01
-5.231645808787587226e-01,-9.783219902558239200e-02
-4.519754427813143377e-02,-9.258813388408217993e-01
2.216650240796524673e-01,-3.652450152624102664e-01
2.078335879408775289e-01,-5.266899788805398108e-01
-5.144934853392765239e-01,-3.175983309704772939e-01
1.005731139952921183e+00,-2.118414942120098177e-01
2.148249479030559794e-01,9.292529755585698936e-01
2.824496795032316321e-01,-4.041546938549898660e-01
-2.730781509508561911e-02,-4.331655248886601695e-01
3.137888436296483174e-01,-4.286434882287993298e-01
-9.139814610450223142e-01,2.789478209151322052e-01
4.225573043649801241e-01,-2.767174184176595664e-01
-3.694649525234362797e-02,-1.007323740450503990e+00
-8.603430949085892621e-02,-4.148316770547740284e-01
1.443294012912278990e-01,-9.746938084114811218e-01
-4.465848451554895182e-01,2.818402928206767966e-01
5.470241882605064720e-01,-8.018181718544239445e-01
8.433889497842736449e-02,-9.969983418798780139e-01
4.440728673924323466e-01,9.501302906413147675e-02
4.747533799958364442e-01,1.195079219844750601e-01
1.107918311464951844e-01,4.350522003273720184e-01
6.910790321936273184e-01,-7.547593953661908550e-01
5.035366932730028777e-01,-7.317880521111527758e-03
9.877100133357231693e-01,4.904142196588861385e-02
2.571590620000021032e-01,4.908887857621034856e-01
-5.988710250569728721e-01,9.054005854715110324e-01
9.535250689548635528e-01,2.043977941717459168e-01
-4.423097103096048643e-01,-2.556588898874167515e-01
-1.060772496932116393e+00,-1.660117646579896133e-01
-6.050472003099040957e-02,-4.958151229424170303e-01
-7.633789736025766576e-03,4.061062530063713760e-01
8.129789803140048399e-01,-5.896612008809389849e-01
-4.707487946383112076e-01,-2.995338190545708892e-02
-7.947474637537856046e-02,-4.848990465567384334e-01
1.719736097290187615e-01,3.924100539353316819e-01
3.536084564886331494e-01,-4.082781701531374430e-01
-2.878760270043038971e-02,-4.091273812230587503e-01
8.756178704617878505e-01,-5.734528366534563659e-01
4.053514299753237515e-01,3.444619086061368463e-01
1.981740316913035427e-01,-9.738470182851952650e-01
-1.634280991874228761e-01,-4.686336995043441922e-01
4.711526064473782749e-01,2.140831722911272494e-01
-6.665974196625495951e-02,3.948160429961610207e-01
-1.547949518697749327e-01,4.576937233819147743e-01
-9.626357977547131961e-01,-3.367318359611138900e-01
3.509861565132323946e-01,-2.999063018869322361e-01
5.954397358495528980e-01,-7.146282960668894901e-01
9.145383621659468609e-01,-3.795485532394463624e-01
-4.332095994311881970e-01,1.754922715657796228e-01
-1.549580493146442417e-01,4.240782116419063996e-01
7.473985417254562780e-01,6.763207896258598417e-01
6.641975060458097380e-01,7.546138005930083104e-01
-7.198762344271781854e-01,-6.215453691655741242e-01
-2.782828808269243170e-01,9.856598416330529799e-01
-3.208231542718943397e-01,-4.430195600492475294e-01
2.553513015644375828e-01,4.396771528322784284e-01
-1.357199223709804059e-01,-9.472676317269075330e-01
3.055926816897407972e-01,8.741272085630555910e-01
5.045179653506278727e-01,3.002697441220953944e-01
1.297122449532276678e-01,-5.799932615925491586e-01
1.032389548633068976e+00,3.417934249348179854e-02
8.806659162944773245e-01,5.196568405713275496e-01
1.033914370102823332e-01,4.362795464346748142e-01
-5.079488732847081689e-01,7.903709178726985307e-01
-2.370882157979740668e-01,-5.226888501226003569e-01
-1.699018886691204266e-01,5.085157979060306310e-01
5.355606399088714831e-01,5.088187504581312415e-02
4.178354780335579721e-01,3.104863894016860471e-01
9.009830331951106386e-01,-2.538873819428678624e-01
-4.533289600934012342e-01,9.589963553801703622e-01
3.430934602627052077e-01,-9.141997987133986259e-01
-1.635481296643968019e-01,4.194814835803342135e-01
-1.188865421713898585e-01,9.600513291904403390e-01
4.341261719614232795e-01,-3.105022416599019230e-01
-3.583956341486918551e-01,-4.371913244851172164e-02
-7.384571220077802423e-01,7.029473980770942765e-01
-8.378379292383755228e-01,4.121812052642495061e-01
-7.182957760416233128e-01,7.489008910452659151e-01
5.261549404385029716e-02,-9.527531491115267537e-01
-3.147234437274887275e-01,9.815422117067845731e-01
-5.748625587260852710e-01,-8.888176758760418794e-01
8.036189545427523118e-02,-4.486047824011293317e-01
7.733985631519286752e-01,-5.698842523370919455e-01
-3.947090679975236438e-01,2.681463675176291583e-01
4.966607501448931372e-01,1.724141840300801864e-01
4.879259585987789638e-01,-1.627552834107307278e-01
-1.054257922699320282e+00,1.705674078117377368e-01
2.325331979925963910e-02,-4.429609661130370912e-01
8.483240305828417815e-01,4.570879795318399941e-01
1.360127004303404719e-01,-9.654574195438615503e-01
3.518047166624341804e-01,4.149201427636000084e-01
-2.351752256787030815e-01,-5.355102316402009510e-01
5.778716226546362078e-01,8.511905200611546984e-01
-4.649811503306283678e-02,4.191672360856946722e-01
-1.079053538940205892e-01,5.157416735192391632e-01
3.302862907136727699e-01,4.413268621517855150e-01
4.929821260367337477e-01,3.644846902272711603e-02
2.647082824115173372e-01,-4.150071769877849426e-01
3.332260263674251544e-01,4.882525540430393551e-01
6.867576852969314860e-01,-6.412393452707496611e-01
-5.653697694954114006e-01,-7.582368872569993368e-01
-2.996875529020950890e-01,-4.148018117049777076e-01
-4.385022592455519730e-01,2.734985516042953702e-01
-2.292285010074027185e-01,-1.026739637931869620e+00
-8.838607520257207861e-02,4.685027150641256077e-01
-8.576450446114862458e-02,-9.931533309056516101e-01
-6.688994469994483660e-01,-7.233706485511581796e-01
-1.452343232026883646e-01,-4.948998171317564032e-01
2.723488952987198619e-01,4.336849565296397868e-01
5.395588892787681612e-01,-8.267226038787007791e-01
-4.608795232465534020e-01,-1.911645133243174699e-01
9.290195293725286296e-01,4.060116310278142349e-01
-9.802959497369746478e-01,-9.085629713080925485e-02
8.044543153230842014e-01,-7.027198088232632367e-01
3.534366480992798820e-01,4.227390521101748733e-01
5.438429483251544516e-01,1.147195742753068792e-01
1.009216911040093645e-01,-5.922628405395403695e-01
-2.394761485562633685e-01,3.862174863851334794e-01
8.438757125693192584e-01,4.031869025443959309e-01
-1.278377469584578152e-01,5.335833181850678786e-01
-9.471659067295534751e-02,9.867569987138247178e-01
-5.330012206117022977e-01,7.180960253479004018e-01
-9.881965173113185230e-01,1.474324452171606459e-01
2.661541566126629510e-01,3.914336802887522504e-01
2.000901732727601023e-01,-4.727198011595804550e-01
3.421297689462178271e-01,1.178999528852518741e-01
4.514634442201436171e-01,3.508944390455481788e-01
-8.252968303737090450e-01,-6.210225129105921837e-01
-5.295564481014546354e-01,5.248588286315030577e-02
-4.103493226683070372e-01,-1.937168723666966574e-01
4.066559280203189131e-01,3.763532447400757541e-01
9.225960951306004798e-01,4.656924733033294683e-01
-4.193508739168672061e-01,-9.054079335279190399e-01
9.357284393641049913e-01,2.480056042823157170e-01
8.049820297853088613e-03,4.833611783015078212e-01
4.729969562466480593e-01,-7.024208999595918379e-02
-9.228515238907482043e-01,-3.834527926697201550e-01
5.400799851301629761e-01,-7.671881460370376660e-01
3.018624056239034292e-01,-4.777341940969061507e-01
5.398853487043274724e-01,1.696126772993513873e-03
4.478099123059590680e-01,2.431535075002280721e-02
-5.231198488111059586e-01,7.099898216066433121e-02
-3.856747734073032730e-01,3.322608128219835533e-01
-4.355136128473361401e-01,2.640223775180246535e-01
-7.077256377168313906e-01,-6.918254309650520018e-01
4.435549576224578905e-01,-8.759950225159995885e-01
1.053508200019102503e+00,4.799977045077964688e-02
-1.474128146901029779e-01,4.868728990285317026e-01
1.605808003735710865e-01,9.561589577601838918e-01
-1.742429137194422273e-01,3.668539755501702970e-01
-5.578656030498373442e-01,6.825388682866166679e-02
-7.461700782124622844e-01,-5.235080077381324415e-01
8.709419912401462627e-01,-4.828072394390505728e-01
4.158632253731300854e-01,3.655501911417765037e-01
-2.496056184546935341e-01,4.535222820823636147e-01
4.558393268040448199e-01,2.591413493400737678e-03
2.634273948524378239e-01,-1.011278583456709734e+00
-2.045267735478374649e-01,4.875008693097291346e-01
4.994365590728219173e-01,-1.742723859351940074e-01
8.024608146817650001e-01,5.516352434647374681e-01
-1.266272991258688974e-01,4.528310492979355506e-01
-5.401606684004252035e-01,8.736919273541403630e-01
1.081208498287740571e+00,1.797998479540839981e-02
-1.001468071509478364e+00,-1.657403018185814036e-01
-3.818959666889181204e-01,9.403741978874692320e-01
-1.951202533867144595e-01,-4.227604733184905372e-01
-9.466122119725723927e-01,-3.743968172060355148e-01
8.010028057400017665e-03,9.413230605992615185e-01
8.291912410757940055e-02,9.889627259719265817e-01
4.572350128450697326e-03,-3.241961783317710566e-01
-4.663677331933074877e-01,9.219763713201994948e-01
3.821028951844533950e-01,-3.163866744652922836e-01
-8.627917086080090503e-02,4.195718208403156346e-01
-9.899724893252923597e-01,7.007123250172973827e-02
-4.441093556454429048e-01,2.137426438371111681e-01
-4.620931882120403178e-01,-3.391814262362753962e-01
-5.970468166066413840e-01,-8.574099325674204852e-01
-2.872489128162259986e-01,-2.858295273814741577e-01
-3.894652672892713885e-01,2.793041649693324135e-01
-7.613884546213028903e-01,6.228622505757589467e-01
3.679609759109945810e-01,9.725201228784137175e-01
1.710306059414705149e-01,3.869914126285190492e-01
-6.659295611229182343e-01,8.997614251450997136e-01
-1.041706474478570676e+00,-2.301162693870038023e-01
5.380883390247569453e-01,8.692562326323374222e-01
3.287172891048508738e-01,-9.428002140397714337e-01
5.146246434227600419e-01,9.263618684230693345e-01
1.715571856928035654e-01,-4.871872127367233851e-01
-1.858180259724677708e-01,-4.512165495875325449e-01
-3.980524106647487792e-01,-2.360685737762106551e-01
1.050950730660143551e+00,-2.717815369094800371e-01
-4.613191259506880387e-02,5.425105523652807848e-01
-5.603734337116290931e-02,4.257457032913472550e-01
-4.313559804419577759e-01,-8.599088794715100681e-01
5.256056423907834452e-03,-1.074023077792171765e+00
-3.285301991511090924e-01,2.935392925484130444e-01
-3.873560314874342492e-01,-2.872904820718049090e-01
-3.213940929861702767e-01,-2.691969631990487888e-01
-2.227674486469600201e-01,-5.222140285985870101e-01
8.863936303107395887e-01,4.681089026259093178e-01
2.107775188031237312e-01,4.697952023659104914e-01
2.700435059036254692e-01,-4.251350318868651335e-01
-9.652613585890626458e-02,-1.061764979409083764e+00
-5.208724575559637859e-01,1.882153840362663921e-01
-8.503082244654323052e-01,-4.857989580450233769e-01
2.707738931167595897e-01,9.490613489257266888e-01
-4.549309435232901100e-01,2.429144872114755715e-01
1.457039859713141206e-01,-4.699769978090018174e-01
4.558559546305365751e-01,-9.388913056401726465e-01
-5.868416321047885686e-01,7.317924944142610855e-01
1.901718197303683411e-01,-1.030504650094929309e+00
-3.607157209893581684e-01,-3.117242344946840049e-01
6.484316667970125847e-01,-7.095465701963200589e-01
4.746907741864869190e-01,8.456535830400759013e-02
8.586203883518679358e-01,9.071758484792391553e-02
4.730991105757992310e-01,-9.100118201598051959e-01
-1.936878126791131693e-01,-5.166821036550801605e-01
-2.691561593477020398e-01,1.044354962551459431e+00
1.687107995918727676e-01,-4.747876307951530706e-01
-5.655261680179892725e-01,-7.168486413853013550e-01
-3.062422670863914065e-01,9.562456260253514584e-01
-7.960980677796942739e-01,7.242691920624408919e-01
1.417650283340560202e-01,-4.776395685606406039e-01
3.606486704686879402e-02,-5.029895590397659433e-01
5.671332069702134104e-01,6.958230329166417705e-02
-2.632635168018699900e-01,-3.850097528383612522e-01
8.790145327533513964e-01,4.631038167311468112e-01
-4.934525035108241475e-01,1.284355960966541421e-01
-4.020301532920516063e-01,-3.312593791736134219e-01
6.292696089655513969e-01,7.704642775121228748e-01
8.201113847295217196e-01,4.853257217503717524e-01
-9.173917060241774113e-01,-5.452580277559752886e-02
2.711455337888589168e-01,3.668286056104526627e-01
-9.370130333268114620e-02,-3.971088254849898247e-01
-3.548376225083857971e-01,9.296741086495081685e-01
-5.231793506439380570e-01,8.321060171125660432e-01
4.443005300900632060e-01,2.642803525589564884e-01
9.642208622859270717e-01,-1.702558297846823443e-03
-8.431433536238582827e-01,-4.700262995923369380e-01
-5.484204702154037436e-01,-3.315481652494352283e-03
-5.327864174612890746e-01,8.438350321707158708e-01
-5.690051267414525382e-01,-2.064704292870739866e-01
-7.818904535038279091e-01,-6.686892205887855489e-01
-9.760034666302006556e-01,1.134878126719404412e-01
2.866653507577211490e-01,1.003569838237728273e+00
-2.335360398618241407e-01,-9.718244141815353121e-01
-9.896105384908883140e-01,-1.536898806870293788e-01
4.747247245592158271e-01,-2.170858241678261247e-01
1.099352174513590352e+00,-2.383007310155699221e-01
2.274749306110458447e-01,3.322046536800990491e-01
5.489581279243537226e-01,8.679369728899819503e-01
6.010258603472375949e-01,-7.763159293474117817e-01
-2.130324455496946101e-01,9.451034598855624358e-01
4.641185290718455314e-01,8.153543204403426170e-01
2.399691325014724486e-01,-3.853631390236745280e-01
8.267067287735080372e-01,-5.074195967437049593e-01
-2.456874097165042681e-01,-4.932081345141997586e-01
7.322477015239723386e-01,6.117374963085423500e-01
-2.013118273855922236e-01,-5.149344959595731908e-01
1.455329823662614153e-02,4.845429207243684422e-01
2.077830876740719562e-02,9.859168866522103336e-01
-1.007691932548922420e+00,2.894363600559144434e-01
-9.503151714205498868e-02,4.683639370700777849e-01
-1.040435551235854517e+00,7.060178381498893874e-02
-4.634716380449164785e-01,2.080140239019032111e-01
-4.519703922401819840e-01,8.403675600847299032e-01
7.975688075685195833e-02,-4.422744834237474776e-01
-4.785692276433219372e-01,-5.182006976515656643e-02
8.628745757887831824e-02,5.710253339680495532e-01
1.841722229986171577e-01,1.020480225447845557e+00
4.562609336038407903e-01,6.115660922981475817e-02
-1.002600086474354724e+00,3.827995154654892374e-01
-7.440283359631543192e-01,6.668968179825516263e-01
-4.286992552986923499e-01,-3.116544977896419377e-01
-1.294524102735498672e-01,-4.872944423634192335e-01
4.267492856202626528e-01,2.290528831621225780e-01
-3.584947605165176299e-01,1.022283475597075775e+00
-3.715862527823994843e-01,-2.879315184484001477e-01
9.538034346199717461e-01,8.305643124950053136e-02
5.332910615840867896e-01,2.809503769913449661e-02
-9.138554641650072918e-01,-4.155976150814182923e-01
2.143570404611885027e-01,-4.225923903836611983e-01
-9.304556731096276234e-01,3.958045985918094978e-01
5.176013378000692278e-01,-1.483483423224763176e-01
3.465750456152000281e-01,3.593351702052166030e-01
-4.595542543816830694e-01,-1.465555911601453820e-01
-7.813757917889317672e-03,4.439399173661682796e-01
-3.146109257671091952e-01,3.541738534128729965e-01
4.987548659682335406e-01,-2.288655057310898938e-02
-8.037548649611437890e-01,5.871907644644681623e-01
2.926934702595394011e-01,1.051567347330630398e+00
5.226980828473499763e-01,-1.449795201290982050e-01
3.610804835594875750e-01,4.666354314555410387e-01
3.074003536888726962e-01,-1.056438519235384010e+00
-9.853709193299162727e-01,-3.028751779892381868e-01
1.023087960351738213e+00,2.073898278506007900e-02
8.164590371193285456e-01,-5.769747009681057692e-01
3.295733509001887995e-01,-3.109538890972953773e-01
-4.185902246580416874e-01,-9.686716096813620114e-01
-6.455055580891910783e-01,7.498519365352335209e-01
-9.738699283271509133e-01,4.843031837637965520e-01
-3.854562200026583896e-01,-8.934328133885390821e-01
3.916457369960787416e-01,2.337238206098030402e-01
-2.913506086429266673e-01,1.028499327270545383e+00
-1.243007016041359353e-01,-5.172408202382525744e-01
-3.719145850087051675e-01,-3.357693137170790765e-01
1.003196308655643021e+00,-1.920077712756371457e-01
-9.099077688056289581e-01,4.580172113810012657e-01
8.602685847679165665e-01,-4.177844366477494464e-01
-1.029590732419393584e+00,-1.896859558077920727e-01
4.683164919166222795e-01,2.565248963344953781e-01
5.973161230436868641e-01,7.892421312564517066e-01
5.909322875953740839e-01,1.732570457077579062e-01
-2.156529550081448532e-01,3.851286338379878438e-01
9.822848815689849689e-01,3.348457330198070236e-01
8.004732381157364518e-01,6.029976163189814109e-01
-1.125739208583246720e+00,4.395051294197322572e-02
7.129787274859090696e-01,6.858623041099602968e-01
-5.628327844374904076e-01,1.251186178370579938e-01
-3.722019687075386885e-01,1.030252039537145059e+00
-5.912983842203698437e-01,8.544693046195583896e-02
-1.044455048542136000e+00,-1.474590858957389172e-01
4.819190017567298590e-01,3.666150174445062526e-02
-4.164470554630546328e-02,-4.098885588497765409e-01
-1.015013615056596930e+00,2.343031350794504836e-02
7.833456112718928388e-01,6.706969958866277892e-01
4.287608337916294921e-01,1.410878800785714815e-01
2.562608749024534172e-01,-9.046694135080245447e-01
2.122170738553503522e-01,4.187449113127479361e-01
-9.938272356463460078e-01,-3.590102781489613593e-01
-3.844813886337070108e-01,-3.957276985423603954e-01
-4.406044106049025189e-01,-2.647890526798921673e-01
1.008786231734720484e+00,-1.589387336455971300e-01
3.788505945475348913e-01,-9.629832555470935196e-01
6.677858807119062545e-01,7.832703558675159217e-01
-3.919360881314883360e-01,3.193703299697697728e-01
-8.415851489127462726e-01,-4.000875516742355420e-01
-9.348597769183114581e-01,2.245231993903037404e-01
4.719788499343247623e-01,-1.860947280360913947e-01
1.194076282084657603e-01,5.085481917938451391e-01
-6.899656123936655228e-02,9.798197592191807415e-01
1.585099215952016083e-01,-9.937071929490611799e-01
7.958984146219857392e-01,5.388183849767267386e-01
4.713148352062098700e-01,1.334984314081130718e-01
-2.341128070029273311e-01,5.022479949116588349e-01
-9.877401946345782946e-01,-1.109297470969058258e-02
3.458938290373688718e-01,-2.684248967145151932e-01
7.159332079010619632e-01,5.607887565562470478e-01
-3.538627265383215703e-01,3.114431374717114842e-01
9.474666894282690599e-01,-1.006624133511430236e-01
-3.945300881308314023e-01,2.897053769305232840e-01
-1.252559780913198306e-01,1.018791281378823355e+00
4.427327383645996983e-01,3.535418458827193633e-01
9.524662826653048642e-01,2.875229645107308385e-01
3.319649524453855971e-01,9.843804738379555719e-01
7.270114691212326008e-02,5.359234063824573902e-01
1.660715529978175342e-01,-5.273748334763354029e-01
-8.311412432009828155e-01,4.102729586675175066e-01
3.833596437339341634e-01,1.920381406869354213e-01
-1.017273267725006036e+00,-6.937646993135117290e-02
-9.840286494901396841e-01,1.440757662727326360e-01
-5.432834615006257861e-01,6.615529539043600582e-02
9.960484146471312306e-01,-3.038252052236695144e-01
2.575085066961529390e-01,9.899551463672749962e-01
-2.487785200362809812e-01,4.615380972289053751e-01
1.887607974988458615e-01,-4.638879480007664369e-01
5.118798917880338362e-01,8.807016866952448453e-01
9.276896457140637597e-01,-3.522648660655546271e-01
4.743235220697639698e-01,-5.533428754364300151e-03
-3.435786563266844396e-01,3.275529956779402729e-01
4.055475976840388075e-01,-1.349806275321358273e-01
-7.360234997485685104e-01,-7.204136952368997981e-01
5.174241348829811127e-01,-1.662319483226191996e-01
7.193272207707909205e-01,-6.242286941266467215e-01
-4.680180928483113623e-01,2.221866876022454418e-01
2.143278154102459254e-01,5.136038774190813117e-01
6.755205858270556529e-01,-7.749426672222837764e-01
4.449459274331060699e-01,5.560950821178931025e-02
4.947903514167323324e-01,-5.892280812355828179e-03
5.756233009702171888e-01,1.329063011299368990e-01
-1.000769518412262471e+00,-2.580437490941096534e-01
2.195755012426274799e-01,9.653288797585137804e-01
8.644602549051592089e-01,-4.637908634254220841e-01
5.043875626405055490e-01,-4.343227385982543348e-02
2.967358786237195983e-02,-9.946383438515785658e-01
9.852918169413864558e-01,2.118980875384842977e-01
-2.138512206272814020e-01,9.401857508549613662e-01
7.322029168890357154e-01,-5.984595840214277374e-01
3.199272595346068226e-01,-4.031776773425866933e-01
-3.961101952285615568e-01,-3.524219345020696559e-01
-2.906067787882553599e-01,-1.017318549178285902e+00
-9.548941029581675677e-02,-1.081684058206280330e+00
-5.496769451730850742e-01,-8.982148864525180132e-01
7.103501313953382024e-01,8.933142254880290789e-01
-2.253530969276539286e-01,4.415852835245917540e-01
-3.941078200766472417e-01,-2.959776258383027270e-01
4.847054943254526238e-01,-2.125289255690342161e-01
-9.738199287263803461e-01,5.569532489890703653e-02
-2.597156329098434524e-01,-4.755366104648799941e-01
1.540300894814140287e-01,5.859683025135832279e-01
-2.791586665019004099e-01,4.468814977543846823e-01
4.785322844293355415e-01,-2.623177319595994539e-01
8.689990969790750697e-01,3.063532678837119216e-01
1.075572597365135552e+00,1.114261074345051644e-01
6.946501903667989808e-01,-6.344076253566434120e-01
-6.491159854069336044e-01,-7.908583697928400769e-01
-1.440881360676383727e-01,5.178369324624738645e-01
-5.654893907510620821e-01,2.240492095322171862e-02
-6.527803512265940578e-01,7.442483138137050425e-01
-5.228267518322919916e-01,4.876692777838639858e-02
1.952197223303935858e-01,-4.939022064886088303e-01
-4.879792479453702869e-01,-1.474300252768518393e-01
-9.342916304632578051e-01,-2.800822796127573899e-01
-5.150295592841672848e-02,-5.389346539086501409e-01
-3.299936526101644452e-01,-3.711062613285804890e-01
-4.531016894779962834e-01,6.845700081232611311e-02
-2.272134257394361201e-01,-3.549234955775245060e-01
-5.764573993332307023e-01,7.316206712155457481e-01
2.872953544798259040e-01,3.503856237672379192e-01
3.972101105246898523e-01,3.514070342084092968e-01
-3.090042047199341724e-01,3.708823145154017675e-01
-6.531085905230082922e-02,4.376840884601236326e-01
-4.828388248141083916e-01,2.350348892911470755e-01
-2.348934338075473194e-01,5.458975979541861312e-01
-9.662525269410050521e-01,5.291879553350835597e-01
-8.481315103344779782e-01,4.693103222077981140e-01
-9.979898063513370499e-01,-2.323545669216376675e-01
9.832567337513791195e-01,4.144876115291005192e-01
-7.329273586965042719e-01,-5.799386387880866023e-01
-4.982439742932654458e-01,-1.279571787207281763e-01
9.891304119359787261e-01,3.639233934080511879e-01
2.931672170983724152e-02,5.365296940806003612e-01
-5.141959776217636113e-01,-4.626955540583951865e-02
4.745828380736648033e-01,8.399073686771575398e-01
9.541997251033121907e-01,-2.402037561980115976e-01
-4.071277422380630284e-01,-1.099772802893224655e-01
-9.215513543196026669e-01,-3.460466276295861010e-01
1.040440190251141317e+00,-6.811643216898185214e-03
-2.799744328740620958e-01,-8.583406706333950309e-01
-9.982390031448211687e-01,-2.956396426709373415e-01
7.997789160574612088e-01,4.822447849587062074e-01
-4.162288017431899356e-01,3.648147943434538187e-01
2.782941306494195466e-01,-3.832034001793803712e-01
-7.588429873525159852e-01,5.999994287379870617e-01
-3.820741076800385772e-01,-1.245427028238156320e-01
2.531675911439492110e-01,4.781525768851930813e-01
-2.156023885633443771e-01,5.030835065426816355e-01
-4.533672629960796008e-01,-7.540507641528795268e-01
-5.046659933515551533e-01,-3.135419138791179505e-01
2.041788155298625007e-01,-9.566173747278184925e-01
1.190736172793780689e-01,1.035624909481939415e+00
4.290256407592309973e-01,-1.964739605677082723e-01
-8.921478911712836801e-01,3.143656022797395311e-01
4.266659859867923954e-01,-3.637185167630974103e-01
6.522584408635901942e-01,-7.703707549195871751e-01
8.315488994279871537e-01,5.460842466449175037e-01
1.937746573144720763e-01,5.142273053106743985e-01
-2.215986001666130426e-02,-4.562059341362905140e-01
4.426285024959546455e-01,8.587587809568969499e-01
-3.599815241963141288e-01,3.895274814227431825e-01
-8.955927933653619333e-02,4.503876200654285400e-01
9.348027297002670100e-01,4.329536229479848397e-01
-5.224375236235295761e-01,7.825526066201403397e-02
-9.980576660191388116e-01,-9.358843341557152723e-03
-6.433411260325025971e-01,-7.044824601381229900e-01
1.050991075025174748e+00,-2.059911841627669882e-01
9.429030375854868806e-01,1.328828241567593660e-01
-1.836232237056284466e-03,-4.643028135682366608e-01
-1.758885575736859885e-01,4.661130308903951303e-01
1.155539061944456103e-01,9.255264172343893314e-01
-1.814891373871788671e-01,-5.105938141728038060e-01
1.435975666099730819e-01,4.339911128317872624e-01
-7.774847959443617063e-01,5.723770535160808137e-01
-2.864162061805491932e-01,-4.330553164149136269e-01
4.971267885573635303e-01,-7.139102568665718351e-01
-9.265896915823693680e-01,-3.183294098080121093e-01
4.411534899131572818e-01,-8.605743016069418161e-01
-9.975180997317377729e-01,-8.904086682208858794e-02
3.693099044013967158e-01,-4.127541740137372628e-01
-4.728291777481140046e-01,-1.218434129932552679e-01
-1.026887032586259796e+00,-4.891478262243585673e-02
-2.030860683253168930e-01,8.996838309949423129e-01
1.424574966453704405e-01,9.513974373340753354e-01
-4.742402133959117139e-01,-8.877393176536082509e-01
-7.758678745247379327e-01,6.525516892980507411e-01
-8.669822803142473999e-01,-4.415183065088476577e-01
-1.960935264077696694e-01,-9.583539442344770620e-01
-4.390458987265218327e-01,2.884266838844337655e-01
-5.816182275635659593e-01,8.283661455977302523e-01
-9.451972298642985493e-01,4.157043549447034803e-01
-2.332620732679272224e-01,-5.063107941131830270e-01
-4.789032851202036367e-01,9.549635910490581470e-01
9.646682945526926511e-01,-2.921397843061913080e-01
-3.460236356844725858e-01,-2.853948823668994716e-01
-4.833212148689014498e-01,7.827706651368263047e-02
5.138093732288038229e-01,-4.738908197845337344e-03
-4.444069912136912048e-01,3.719375763426090858e-02
-3.048418321039080281e-01,-9.165986824676513045e-01
-4.871615889606328853e-01,9.031465134985007248e-01
-4.395259448437506267e-01,-2.344677120049571684e-01
-7.700670673467173710e-01,-8.009413356917662874e-01
-9.411277262599089255e-01,-2.483136082560057634e-01
-7.131881032725440051e-01,-5.840617814277889730e-01
-3.881554118726066038e-01,-8.145966525621931020e-02
-9.378441026074574305e-02,1.074763149563233489e+00
-4.273740036760789729e-01,-2.272369284829838521e-01
7.056859052918365571e-02,9.300930021898196065e-01
-4.570512062956855748e-01,-6.195264072665708499e-02
-3.081900522847869084e-01,-4.876372423393013911e-01
-3.049017274397696209e-01,-8.758416443711751764e-01
-3.001506931580005255e-01,-9.885481320576546826e-01
2.213890325602018982e-01,-4.197663032024849805e-01
-1.011723130192962783e+00,-1.434308172957180771e-01
1.060151377499257974e-01,4.700412288697320973e-01
-1.362376190937785170e-01,-1.003732908639017873e+00
-1.653536755838566075e-01,-4.774209190272596381e-01
4.990992013831999086e-01,-8.378947047262355063e-01
5.988097238162766178e-01,-8.386700553332230301e-01
-4.700399555988793998e-01,1.822950504826855167e-01
2.607580898110009038e-01,-4.231272147045510579e-01
-4.026251685972873640e-01,-8.967891343571228191e-01
-4.362857397173861562e-01,-2.732637225995490082e-01
5.248700547545119832e-01,-4.156654517803269611e-02
-1.772532521977970288e-01,4.190433645659037420e-01
-7.566888454901427030e-02,-4.728239740084900777e-01
4.977491259251547451e-01,1.592643011532014208e-01
2.014301628113039089e-01,-1.050156021269980533e+00
8.783977547342800563e-01,1.833388500250579534e-02
-6.767666301786386951e-01,8.252889619443980473e-01
-3.596044585955842088e-01,-1.560313385043418655e-01
8.391946331307191809e-01,-4.054627665260859826e-01
-9.579891902663784098e-01,1.819297308943434166e-01
-3.093027561291589733e-01,-9.608006914027792389e-01
4.864288363116097691e-01,-3.230580590597125212e-01
4.191708669985012570e-01,-2.931719869075545826e-01
-6.325113337045801254e-02,5.494289234649688547e-01
3.787851093436369609e-01,3.908677502437011286e-01
-7.585487973267132089e-01,-6.785147676752476542e-01
1.213522754845898916e-01,-1.025840894044364626e+00
4.359381863988417427e-01,8.709152690707676614e-01
-2.147633793268151348e-01,-4.199417752056735509e-01
7.413670108148230353e-01,-7.719783585010210336e-01
-4.285942803653897126e-01,2.337884539493063629e-01
-6.793698653475703786e-01,-7.504478197804451689e-01
1.027079121249006466e+00,-1.130576610547537331e-01
-8.836496467492664930e-01,-6.412596464075729363e-01
-2.562076596969981579e-01,4.969541845392378976e-01
9.308240391850277629e-01,-4.125082785481443137e-01
-9.030556887504309627e-01,4.375120558715426822e-01
5.366033333323114718e-01,-2.278234119070554897e-01
1.051367561043587306e+00,-8.569098939811270466e-02
-7.261111368934012322e-01,-4.899966723524338819e-01
1.021802323555566439e+00,-7.647649995799696288e-02
7.575267018728756296e-01,5.859021479953888667e-01
-1.012156872151602105e+00,2.664454488227468998e-01
-9.712037433589656432e-01,3.555338505672540617e-01
-5.352352368213927347e-01,-2.740912566278055906e-01
-5.112296892247848029e-02,5.079362145052094268e-01
3.574799390794590748e-01,-3.123768131617505883e-01
-8.074223264269024813e-01,-6.509751055869815728e-01
3.392389798476718177e-01,2.628621092119122760e-01
-3.005049723356132546e-02,-5.946761274483615134e-01
-3.261720097286771591e-01,3.312145592835319952e-01
-2.542051257514938989e-01,4.057934042947133335e-01
3.394188310909699857e-01,-2.932869795569633120e-01
-3.486751126641053633e-02,-4.454644872685003532e-01
-9.516210973158172326e-01,-5.587667077737193955e-01
6.388279536198280262e-01,6.898432469314964566e-01
3.941990961022365791e-01,3.386820100251610177e-01
1.481821970868028582e-01,4.341971415345879381e-01
-1.734518575397789864e-01,-4.449333017116168243e-01
-1.714049089411089424e-02,-9.522933597231386660e-01
-7.372948120329079202e-01,-7.638722861232087880e-01
-4.221302052938820104e-01,6.824880424380139199e-02
7.647721695368238093e-01,-6.479186563363020790e-01
-8.800466694838582349e-01,5.747128451450653763e-01
3.592551074731974992e-01,-9.274272129360203731e-01
-3.734712504925897236e-01,-9.597445595403644170e-01
4.176426916557072766e-01,-2.618385224949155710e-01
-1.490149928773498722e-02,5.158286854440332636e-01
-5.044119162239725229e-01,-4.281585951396625622e-02
4.249591878002774159e-01,-2.476947950865381332e-01
6.153328753094343684e-01,-7.490396997287248615e-01
-8.108251258592031885e-01,-4.942252928320867156e-01
-8.048041931487763812e-01,5.247224770214854450e-01
-5.459901210576805219e-01,7.565169362254084984e-01
-2.916482259278778411e-02,3.820391189175151858e-01
4.360466624875405928e-01,2.217645004254747143e-01
4.360165055537175149e-01,3.355602989898051614e-01
-4.361527096161321171e-01,-3.698256817435113253e-01
-4.090628991517321345e-02,-4.995457897670949055e-01
-3.978776091774111623e-01,-8.417690698432992447e-01
-4.272377539307414263e-01,3.712762181225650604e-01
-3.938899528462647681e-01,3.006371345459075695e-01
-4.064029407970091712e-01,5.762996518759812281e-02
-9.212570813947825732e-01,3.694917760314558874e-01
3.344239592969032726e-01,8.988282222284731393e-01
-8.585142331185146025e-01,-4.911111743914696182e-01
-4.996204547262090845e-01,8.719799831402942347e-01
1.010440082610712942e+00,-2.736703704438729345e-01
-1.070392511508436950e+00,1.999458593218907676e-01
-9.711648953313369026e-02,-4.597691426036241702e-01
-5.402365587407398362e-01,-1.246412464557214994e-01
3.466082083834172156e-01,3.787552233385509393e-01
1.053274061390279348e+00,-6.224966360287227662e-02
-9.835440449243213479e-01,1.242312476204960880e-01
4.160030753118871827e-01,-2.935731632571731420e-01
3.144277145097651993e-01,9.357976231347355789e-01
9.013233928809674111e-01,-3.362768464976409466e-01
1.005780221881456216e+00,-2.633786312465181967e-02
-6.403191042522430321e-01,-7.977779792568173711e-01
5.055327429706221176e-01,-2.506048323988129267e-01
-9.659088937205841940e-01,2.294533929204647937e-01
5.548839660064646129e-01,-7.699698086044197698e-01
-3.121944328473217345e-01,9.751593829373449429e-01
5.314123330612754437e-01,-1.497610730230496123e-01
1.027483218377486240e+00,-6.535700051460618942e-03
4.989006789861782920e-01,-2.433845212452321327e-01
1.573433948960824280e-01,-5.340880578605371465e-01
5.023253824876687812e-01,-8.041512973925761809e-01
-3.729362709041798007e-01,4.018059616571063586e-01
4.484011681855328280e-01,7.417041088475733179e-01
-5.311628458888768833e-02,5.714759377133883378e-01
9.368272453236783370e-01,-2.276501362005470819e-01
-1.033883350999031947e-01,-7.834014327431918501e-01
2.079258095777050397e-01,-1.032550444498056441e+00
-5.000166907853557108e-01,-2.060751348166018071e-01
8.070980453544026600e-01,5.799862810893418041e-01
-5.088285750131169571e-01,-8.262961538831284924e-01
3.503123713900056085e-02,1.031687752701560656e+00
8.703642790522833628e-02,-5.044150450784975481e-01
1.796268890683118402e-01,-5.455706030933500372e-01
-2.299387226927557260e-01,3.898522603249235940e-01
-7.755948070189175869e-01,-6.219728397099844042e-01
-7.026492999969485842e-01,-6.132108498650898909e-01
-5.041944863743612615e-01,1.047502601413772549e-01
1.142526390800081004e-01,5.253203337424986463e-01
3.589943679502113349e-01,-9.670404568485388985e-01
-9.153026556452655838e-01,6.227605690237898728e-02
-5.726927287043631631e-01,-1.074935326306999256e-01
4.367648293314632113e-01,-2.729686757856299995e-01
6.109705114363765954e-01,6.972700401874926124e-01
-4.015381408539643870e-01,-4.352483424685851254e-01
4.682711465917378524e-01,2.248216982728567792e-01
-1.149567438386710272e+00,-2.779373184796322949e-02
-3.699052718918990901e-01,-4.057173470835346851e-01
-9.610243609754980376e-01,1.876529124127959969e-01
3.192816559254471054e-01,3.554645184655434442e-01
9.791482518556825221e-02,-5.906926921749062753e-01
3.509826676893228470e-01,-9.428026009118367634e-01
3.406679201960592374e-01,-2.703935378393170219e-01
5.070624124295153301e-01,-7.636500361170606155e-02
-1.952792922097958961e-01,-4.339013557516314123e-01
-2.083811252200453712e-01,-5.400881652404461164e-01
-1.614065486022631668e-01,1.038979200218739685e+00
8.614370230876394752e-01,-3.174320376413831690e-01
9.583550070887755234e-01,1.702940977231388875e-01
-1.013227050479476032e+00,-1.399257050353651111e-01
-1.957618075563991034e-01,-4.850194208983280575e-01
7.485492939498236131e-01,6.625458481771813180e-01
-1.603889616557769293e-01,-3.977797624946530775e-01
5.454640971102987512e-01,-5.637791370566400118e-03
4.764018018883107164e-01,8.567939144467253687e-01
4.840683560276575204e-01,-8.975884828369277146e-01
1.893289895501982512e-01,5.094566555110559003e-01
-1.133623231460645642e-01,4.894515147183724491e-01
-3.915243198474741559e-01,-2.093041092560193328e-01
3.413242202993281849e-01,-3.803633527292720196e-01
-2.342624176077062192e-01,1.054938570567554024e+00
-6.657638249922932516e-01,8.252190656424401860e-01
5.206823590412853475e-01,-5.598213782365521474e-02
9.414773831305056628e-01,4.435052160198795779e-01
-3.439523473332806169e-01,3.884419977649319344e-01
2.447067980440728041e-01,4.482605810471131380e-01
-9.854315837259985944e-01,-5.336592985476838052e-02
7.244573489807535349e-01,7.524500664205915346e-01
2.712407138570465115e-01,-9.595843970102935216e-01
2.490524582128377518e-01,-3.551519915912963454e-01
-2.998251069214189490e-01,2.909748158214252589e-01
-8.623024787510026323e-01,6.343779823280968344e-01
5.156693691843529104e-01,-8.730335575674085247e-01
1.555232503332831251e-01,5.135187686434966592e-01
4.202067331461629696e-01,-2.652971265882650975e-01
8.916367138356867672e-01,-5.358486038595584589e-01
4.870669064919464497e-01,-8.473201573915176699e-01
3.969610509030583878e-01,3.316075494171275562e-01
-9.613622846822076351e-01,-1.550372697130519839e-01
-3.140198564639997691e-01,-3.431284877309340731e-01
-5.897706606328734225e-01,-8.496731019693651854e-01
3.757339243107012949e-01,-4.083619898598217501e-01
7.755988129663448083e-01,7.371034962730395046e-01
-2.958966542426852420e-01,-3.910275426759087791e-01
5.147132812116875789e-01,8.445406497034021465e-01
1.673073616316944623e-01,3.866064532551097832e-01
4.399767401109480058e-01,-2.598225407332022119e-01
8.276259998620468794e-01,-6.710330120922632924e-01
-3.001085673218386596e-01,3.250310909290202166e-01
-7.190814653084304231e-02,-9.846101420425602546e-01
-4.293521322549130326e-01,9.261405666250496216e-01
-5.120357064444021056e-01,-1.227372395369328573e-01
1.600545665974518195e-01,-1.019696102351668854e+00
5.117967138931543980e-01,-1.344903577429424901e-01
-5.044688013992048026e-01,-8.701580991746702409e-01
3.937550044246679315e-01,9.253404550272817941e-01
9.401306816713956849e-01,3.417052970283117608e-01
-6.644948714746412577e-01,-1.165478065842300570e-01
2.864529984025270259e-01,-3.787725244193423380e-01
-4.089688755028813572e-01,2.838579349170617383e-01
2.133433937677370329e-01,4.436651973972532415e-01
4.953853827637051399e-01,-2.014480312529107753e-01
-9.133269018200171896e-01,1.595278057827629048e-01
-7.860265242274124819e-01,5.405760712258755873e-01
-1.687414975267202133e-01,1.054436528272583384e+00
1.253803976621947758e-01,-4.352509593009035171e-01
-8.168431300010169371e-01,-6.019227642823850033e-01
1.320803537930519689e-01,4.591945048138957319e-01
9.288431923489248732e-01,-2.448662798851739542e-01
6.450804511968779575e-01,-8.483781065854172354e-01
-4.348292096958999986e-01,-9.293482235615729836e-01
-8.628266907502415428e-01,-5.011131069163177187e-02
8.465031712053849855e-01,7.180605338744816546e-01
-6.762199025294777233e-01,-1.031418864856687101e+00
2.445961112292986961e-01,-8.492036891231213858e-02
-9.053387516676002500e-01,-7.456193690810768437e-01
5.148017058056018058e-01,9.057482293710517052e-01
-1.690778338516437662e-01,9.726408258672125662e-02
3.039868569257886399e-01,-7.154462138835773199e-01
7.634247392846091884e-01,-1.090595695702275547e+00
-1.004019630097983118e+00,-4.182699785799529613e-01
-7.188176179912315611e-01,4.568274442188435813e-01
-6.386428448272241098e-02,-9.900644974644061680e-01
-1.304637972966493642e-01,-4.804802117816857621e-01
1.890116123007512527e-02,6.137760535118497174e-02
8.954100957869717270e-01,1.091969120432095819e+00
-5.597918240787544963e-01,1.224001483766352649e-01
-1.362027362451481149e-01,-2.016493636859328920e-01
-1.049642075260688312e-01,-2.288497093093369017e-01
8.018827636505951872e-01,-5.322972274655292102e-01
1.034029278163867804e+00,-1.295543474798926953e-01
8.092297320700470031e-02,1.033380790547163697e+00
-3.315672181541922114e-01,-1.027775877713013042e-01
-7.760548290846354114e-01,9.060474602907886421e-01
-5.735231996464470461e-01,-7.785888343743998519e-01
-2.838771121570925482e-01,-4.694915604946238163e-01
5.456367728836777342e-01,-5.781155078462981711e-01
-2.086047391188982081e-01,-6.161882239666498506e-01
4.037933239934985430e-01,-4.308229353489023694e-02
-1.215370746547046465e-01,3.894372703058446294e-01
7.315684049277781931e-01,8.949574020170123489e-01
3.512758103083428729e-01,-4.635648982278485208e-01
8.302355196572199780e-01,-7.740651364969650672e-01
6.676964071038058446e-01,6.362852032182504391e-01
7.353118382960706079e-01,9.913121704130796186e-01
-4.244755959343302631e-01,-1.162317777471354452e-01
-2.936279338426482921e-01,-1.198534065458872755e-01
7.070471988685780307e-01,-8.337938091864565138e-01
-3.101687281748777281e-02,-2.807340102523036007e-01
1.266471297521465367e-01,4.749768211517169103e-01
-1.048852420334605018e+00,7.887038433132176340e-01
4.838580410408961363e-01,-4.038395216954169253e-01
-6.250033515818139707e-01,-6.053907374883737980e-02
9.275579258636952318e-01,-1.002750528796945595e+00
2.846625978761989639e-01,-1.057307250672786303e+00
-8.402117715672962062e-01,9.930468747983753897e-01
-9.474459819355466328e-01,-6.071059810573842253e-01
-6.566906175481486141e-01,8.664203203132325726e-03
-5.628917730103615291e-01,3.954566156926710985e-01
-7.812381272032249413e-01,2.801771620246285011e-02
-1.662866066522793451e-01,-2.292459024697591774e-01
1.015965877850965260e+00,-1.062480557148345994e+00
-1.373334983697136469e-01,-3.178814290582820945e-02
2.482769865887957117e-01,7.553636706994835137e-01
-8.439061808787395869e-02,-7.482462428003429089e-01
-3.024658613891624270e-01,3.320228179998434559e-01
1.050692021472330762e+00,8.957091191716357592e-01
-6.996597139654676667e-01,-9.468227577072350076e-01
1.025586820989840664e+00,-7.095533493556049898e-01
3.058228736050003782e-01,-3.524416886519329273e-01
1.234134884439150870e-01,-3.809391077264390191e-01
2.812574939523764250e-01,-8.676811912873406696e-01
-6.502974709600687353e-01,4.299419973591867006e-02
-6.384055168385468493e-01,3.016171898735928725e-01
6.076779809946233346e-01,3.605810506757272105e-01
-7.018986367191553111e-01,9.344353562989622386e-01
1.728712894867430183e-01,-6.571283033835696452e-01
-8.494082837012979503e-01,-2.396526337593041234e-02
-5.392032355343738814e-01,7.803773522047952049e-01
-7.188931890790684065e-02,6.727564258382197071e-01
-7.939940542794321487e-02,-7.957991914196411720e-01
4.665588560593996181e-01,-1.068695083206812280e+00
7.079079469908069466e-01,-1.450892797395975098e-01
-5.150659095206250315e-01,3.312259229329270749e-01
7.135411544210572554e-01,-4.549255799043258053e-01
9.432316346120042105e-01,-7.201186192182895685e-01
-5.647701845526924558e-01,-7.305031800118905183e-01
5.158109057288284838e-02,-4.421520699164700474e-01
4.953685934470366536e-01,-7.562708318881596892e-01
-3.252461254112470890e-02,-9.429210281414942552e-01
1.735270144733660480e-01,-2.954805946426281027e-01
-8.876889561980283450e-01,-1.751344256791735887e-01
-8.695453273125497429e-01,-3.818382037610194013e-01
-5.517425800950076509e-01,-1.040149469226604229e+00
7.155136822051968437e-01,-5.097813614141172289e-01
-2.101402573299815391e-01,-9.799797266762934056e-01
1.476597291019314806e-01,4.698026300648605602e-01
7.586971880814492586e-01,4.816688738435077610e-01
1.044891865148232402e+00,3.245192214229080108e-01
-3.537820019161659335e-01,-1.841005063204851355e-01
5.815161455319675099e-01,9.341105931564064324e-01
-5.027292439103163701e-01,-2.510942540851115456e-01
3.385344167552597483e-01,-5.739874105919463565e-01
9.844457782345132912e-01,-9.247457838660801954e-01
1.046851842637356089e+00,-8.961843050184178372e-01
1.771115982120563537e-01,-1.111936030693017052e-02
7.606219851609956617e-01,8.218949826024508631e-01
-6.994470857716676981e-01,-3.775937892852346822e-01
-3.017394637368550070e-01,6.865463949858472414e-01
1.008224547698910456e+00,-6.920483088639680647e-01
1.079373132328734997e+00,-6.538992900560919308e-01
1.888620540635432832e-01,-9.331510411410859351e-01
-5.802491122156849812e-01,-9.640987918135530688e-01
2.364339808537290200e-01,-3.781216783256714509e-01
7.059030997912052463e-01,-8.059014250776521671e-01
-1.011979587077487253e+00,6.308038676127829536e-01
4.869940047657581594e-01,8.833372390915719130e-01
-8.546812903400140549e-01,2.535386650141207010e-01
9.230592120282237190e-01,-9.171853616163019307e-01
4.752492204996741076e-01,3.703835283061203132e-01
-3.189043865375308373e-01,-9.303532761689665698e-01
-8.633046834019753035e-02,4.580220306075295511e-01
2.219763464521149476e-01,9.418433338110676623e-02
2.457417133104031759e-01,7.851625294262962740e-01
4.004326455252356087e-01,-7.802479851451160631e-01
-6.880644990644002590e-03,-3.951521794973104074e-01
-5.981538650905950938e-01,-5.313073627099589302e-01
-8.095350340843312509e-01,6.610364225008726891e-01
-7.951649481142755160e-01,-3.471000800007566500e-01
-1.094700563280414096e+00,5.989661011477391828e-01
-5.017779640986308465e-02,2.560849208527844478e-01
1.074067978520957922e+00,-5.979025827474705457e-01
-5.179892143369786428e-01,-3.929501746528636374e-01
-2.186376895069136461e-01,1.087134495217255248e+00
-4.819085635399225076e-01,-2.418843154855465638e-01
-8.380943939026260781e-01,6.736843192143044945e-01
8.882223754942160099e-01,-5.172253837301643564e-01
6.858082795080191474e-01,-1.016113125256780769e+00
2.137617569008465335e-01,-1.124357402870279632e-01
1.034287618946085008e+00,7.306691422160009886e-01
-1.998617141462490920e-01,7.464173840443399932e-02
-1.093340951150423068e+00,-6.718609637005446000e-01
4.900611384142832261e-01,-4.356375212030205724e-02
-1.008332044606680578e+00,-3.298343978608567761e-01
5.967786604531144512e-02,-2.117385039010390990e-01
1.063289707697767206e+00,-7.035595252800301846e-01
-1.046565552900199370e+00,5.145442268518520823e-01
-9.230171261352615453e-02,1.038312106506671384e-01
5.289501034626644671e-01,4.051851976981906134e-01
-6.607002023341529418e-01,3.603642482519577861e-01
-6.442601341234859280e-01,-2.128349764086222562e-01
-1.254467771689866673e-01,9.941179042589090020e-01
-1.544388061482204755e-01,-8.845615927686309998e-01
-6.917927760175406338e-01,2.043302342662700610e-03
7.169834478195438177e-01,-8.138851658367425301e-01
-1.770925584874345482e-01,8.186987609080538242e-01
9.562717513839018579e-01,-6.739806101449528075e-01
4.608318087203275848e-01,-3.689562032862735430e-01
9.188183695849421184e-01,7.743831806682566210e-02
6.991709640454859542e-01,4.053922467354269532e-01
1.010708272267826668e+00,7.839083933944266391e-01
-3.161007900447251329e-01,-6.639576220198994960e-02
8.560287655160783160e-01,9.525431904732462041e-01
-2.665599379537231250e-02,2.067995780387033022e-01
-7.922907266890573119e-01,3.610825822512275796e-01
-8.122412041375189906e-01,7.878463043638859187e-01
-6.921824232563336121e-01,9.045748486779732200e-01
-6.669203089696635889e-01,-9.512351597656411029e-01
-7.465140057527084316e-01,-8.302675997091154558e-01
-7.702693187735226710e-01,-1.176202819050176096e-02
3.320910672733297098e-01,1.060031820724445017e+00
4.764096721064283724e-01,9.510783501815400776e-02
5.672114916265154072e-01,6.429302052892775787e-01
-8.580031820769131734e-01,-6.807039169945631185e-01
-7.085702963689533007e-01,-1.055183084309519126e+00
4.064720746294370191e-01,6.949250183171731265e-01
-6.379131546013749876e-02,-9.776606931204271378e-01
5.540854623663342693e-01,-5.988722673873070335e-01
-9.677949959985675532e-01,8.881878245313443720e-01
8.898552233789214227e-02,7.872749555834011037e-01
2.196912796849770366e-01,-1.157055107991277199e-01
-2.271558298898239681e-01,-3.971993010260946866e-01
-7.364705455487845498e-01,5.187148919394550806e-01
5.391551711641278111e-01,8.404459686283749509e-01
-9.427031174767288579e-01,9.625069064263176433e-01
-8.195744573170027358e-01,6.912308831194662329e-01
-8.312664805542666624e-01,-4.294510359320738990e-01
1.803132215696796603e-01,1.077630608211528118e+00
5.203483935477182243e-01,-6.578119582608252802e-01
-1.099042576777893299e+00,-4.303943311342259825e-01
-9.058686181369500767e-01,-2.165371780103633181e-01
-2.507546366656181469e-01,-1.050944992982886017e+00
8.069171985255088053e-01,1.111120615195013706e-01
-8.303368772499759576e-01,8.901815524500755750e-01
7.946490244664570213e-01,1.000747299954597436e+00
-6.903323773266623054e-01,-1.001668169702664368e+00
7.570523746382433750e-01,7.699304309581469496e-01
6.091618750751213174e-01,-5.316413617117091706e-01
1.069760595799693625e-01,-5.931060890100892102e-02
7.087654188256897747e-01,-9.857197214527260165e-01
1.634760536870407677e-01,-1.064407630594132348e+00
-9.368870087877670949e-01,-9.402693990847892369e-01
-1.005622276441689555e+00,-1.958979372975475641e-01
-8.030604005226829045e-01,-1.013126244072302784e+00
8.910944966983280757e-02,9.741954082370172241e-01
-1.024309567780681274e-01,2.604277156842951246e-01
4.634016971746708347e-01,-5.382702052172182450e-01
2.227340516845410789e-02,9.575522780706264836e-01
