1.962606728757529506e+00,3.516759453874018782e-01
2.827180768502575714e-01,-3.298873983245836916e-01
3.949704110612572983e-01,-2.783849356861299862e-01
-8.001193630029013182e-01,5.851232137234086972e-01
1.217462206255568891e+00,-4.547494945241644659e-01
-9.884725818295694300e-01,1.587889037645963397e-01
1.804542015077533756e+00,-1.157598643026382934e-01
1.825906863693187221e+00,6.880897895654887464e-02
1.592903473892303690e-01,-4.383909388348768837e-02
1.803528401817941829e+00,-1.603810393865859052e-01
1.840356254876216902e+00,-3.887852653706841966e-01
-1.484382393168614811e-01,4.587860940216565986e-01
1.337409879221680420e+00,-3.969204101647170746e-01
-8.944293913952208186e-01,2.068397016969023700e-02
9.266441501358910204e-02,-1.135444201048907767e-02
1.087303623493938831e+00,2.469532234149079408e-01
1.462422923090050730e+00,-3.903106189131829162e-01
2.070860550185294469e-01,4.827890573669307850e-03
1.335899240459816895e+00,-3.363532003604165488e-01
8.960664618240551382e-01,-4.861945223928607063e-01
1.385403717561316805e-01,-2.571766073976160527e-01
1.286280615389289173e-01,-1.310109606020646855e-01
5.945140118052274492e-01,8.463308099566233533e-01
4.245426731617347738e-01,-4.649517504119919376e-01
1.950512526860659124e+00,9.794516736054681427e-02
1.408719241497806696e-01,2.260509717856667156e-01
-9.775601014486879903e-01,1.807140469252180581e-01
1.513690750677662455e+00,-3.944327416499642802e-01
1.986888456437851502e+00,3.545433604731124122e-01
4.926775171143093490e-01,9.823247027272412613e-01
2.035800940047812979e+00,1.423009024134702094e-01
8.660770515989218987e-01,-7.785248529563236486e-02
1.326755558699347803e+00,-3.653909135546765663e-01
4.535991468832859530e-01,-3.973318947574077109e-01
1.470084967366861672e+00,-1.033686804439144513e-01
8.131865003567027017e-01,3.755656955622249105e-01
2.420262071197438469e-01,6.126056980642395622e-02
6.978908199737429152e-01,6.374868971414741070e-01
1.054258214027553153e+00,-4.729408599829388327e-01
1.612630049534250487e+00,-1.072785691601835789e-01
3.462547944652856757e-01,-2.049048236154295544e-01
-8.371914976349467685e-03,5.348617695517420279e-01
1.974278428423144049e+00,5.403482952052222066e-01
9.740703532802930109e-01,-4.982089242259883921e-01
1.041068343225146853e+00,1.095155543268269832e-01
1.784390377256018345e+00,-1.047411899833534249e-01
4.365093708824910324e-02,2.864143044870042787e-01
5.712467611021677660e-01,7.370714298269476217e-01
-5.770820577571669774e-02,1.039708222711995367e+00
1.806534171780332709e+00,1.029644851695073748e-01
-6.595819996816168485e-02,3.141559723781670033e-01
-6.382407486204786373e-01,9.085024315048586541e-01
-1.060135158366656005e-01,9.296059296523181414e-01
-5.593425729129186674e-01,5.020649138083639329e-01
1.989513283247829611e-01,1.052022257631249902e+00
9.194663979833250789e-01,-2.968429329278498008e-01
2.327823174732477352e-01,-1.831884221673714952e-01
8.132904348046875453e-01,4.611220348653599643e-01
8.825058970775457867e-01,-4.461094016700860587e-01
-1.004219695293616210e+00,6.566652407825745996e-02
-1.206752808270439466e-03,9.664665033924932924e-01
2.003871467890548264e+00,2.709024846677465792e-01
1.187945429727758961e+00,-3.537889881487445431e-01
1.383886562897966632e+00,-4.455443226556674574e-01
9.328693978217610372e-01,3.175800895285174064e-01
1.654819813808864559e+00,-2.930595599465241619e-01
9.968521312772220533e-01,3.800023258678149052e-01
-4.418997323205713368e-01,8.903654746737577064e-01
-1.018927954623553678e+00,4.730016471802913069e-01
1.302800997251748027e+00,-3.994636015722856093e-01
1.121479072774149266e+00,3.671193049620060517e-02
1.714018259345493345e+00,1.264302056078264458e-01
9.898655842180642539e-01,-6.038391931341945407e-01
-4.959900660865113053e-01,9.929191029327277818e-01
-8.144018836881017354e-01,3.168606777688854903e-01
2.296388071868294412e-01,9.172916900856529221e-01
4.164024238528787336e-01,-2.990992511894131067e-01
1.841330655400887251e+00,-2.768481625422940517e-01
-6.211178590305183045e-01,9.694850319809941164e-01
5.115865662239089673e-01,-2.350789568680432817e-01
8.952569110925126528e-02,1.384739862084536366e-01
-7.008272178857782864e-01,6.910579900876331338e-01
9.572789110949045943e-01,2.557382229458124434e-01
1.465264414210267763e-01,1.102815623539692869e+00
1.903296944547672842e+00,1.398373668125745262e-01
-7.565101983631423721e-01,4.297777540144718245e-01
-7.031679327723886486e-01,8.782330278367115328e-01
-1.057036640588980392e+00,2.568930168464278810e-02
-1.243583246986244895e+00,6.130240335308235755e-01
5.133566486429078646e-01,-3.792509622738008956e-01
3.405605723228847803e-01,-2.728369861170715227e-01
4.860470814674400231e-01,-7.143686348238350581e-01
-1.004673498506183371e+00,2.084672083913576557e-01
4.521949505038025396e-01,-4.204768784916925739e-01
7.448726922347311818e-01,-4.127793399533852270e-01
4.897529577541430701e-01,-1.423509227033024627e-01
1.907584922379328862e+00,-1.008902762229222372e-01
1.988019547308928492e-01,9.751729593395656037e-01
1.099760720387841506e-01,8.979140936897520020e-02
1.118136519107814308e+00,-5.683187807012114456e-01
-4.522056037790915806e-01,9.902640538231698430e-01
7.228027426092678009e-01,7.557600561991295596e-01
-8.871951993291571359e-01,5.926795579948027637e-01
9.068831221171698154e-01,4.240381834383300519e-01
-1.984143031358733822e-01,1.011902496676432062e+00
9.029868087841753654e-01,-1.520534961078023883e-02
-1.039080692734171418e-01,5.419869647443117389e-01
-9.107194358580186222e-01,4.372028981013201254e-01
-1.538787853140239845e-02,4.306454079423918668e-01
3.743894246027548722e-01,8.090969309476767624e-01
1.054827715250241438e+00,1.101786995003686820e-01
1.636915066393607843e+00,-1.318506201796137700e-01
6.782448480749718733e-01,6.866501925735866152e-01
6.178817651375703157e-01,-5.735882916601121595e-01
-7.786127000142464283e-01,4.820547207429031200e-01
1.673730332616986782e+00,-3.059723669205770546e-01
1.421092578081305513e+00,-3.737445649077506538e-01
1.089170128196524479e+00,9.806617810375983790e-02
1.003730398198561691e+00,-4.495317725202073733e-01
1.903601264984535191e-01,8.327143991934939926e-01
-9.343295642233759857e-01,2.687418825332104078e-01
1.509117440529155196e-01,-5.608056541769196324e-02
1.326944437469509408e-01,9.563135371535260720e-01
-8.893983653207848672e-01,3.787846257113465787e-01
-2.194820830155613245e-01,1.109540277216157111e+00
4.535693046103774217e-01,-2.853850042627968930e-01
-2.386220652514617346e-01,1.182777188115486933e+00
-8.704891699309721398e-01,5.123548954311271109e-01
6.270138161167023716e-01,-4.673307401421790130e-01
9.915457105554813522e-01,3.439838888234671987e-01
9.990310982283676089e-02,-7.762803477625002113e-02
7.340580085291759094e-01,-3.698907879885940386e-01
-1.093460219134412492e+00,1.400060690224556315e-01
2.373053337623630688e-01,-1.683548947658215778e-01
7.538364460918191012e-01,8.836994426177006146e-01
1.057104623577492797e+00,-8.808533465181275779e-02
9.568918100110079816e-02,-1.006853900238630084e-01
1.069204959528369248e+00,-3.705022584045922773e-01
1.356434774125038767e-01,9.960850536792725807e-01
6.960965040995303887e-01,6.039158360239869072e-01
7.666494189140747872e-01,-4.209899586474307731e-01
-3.198000093895043139e-01,1.154183693237014197e+00
-1.079409126792763240e+00,3.633536452142875350e-01
4.479969057318807790e-01,7.620525090382352928e-01
1.827729000080486665e+00,3.261293756513339304e-02
-7.824145356604257362e-01,9.319327050708747784e-01
1.756102533778729047e+00,-1.751760601854675248e-01
1.490695420217667433e+00,-2.970660868854499981e-01
1.395182232347221829e-01,9.337819582819315567e-01
-9.260838215061584222e-01,2.919858360263882791e-01
1.305848122884225804e+00,-5.136638551889138871e-01
1.158471048730581821e+00,-5.167167890949995179e-01
-7.866748060755259786e-01,6.762119543708435820e-01
7.274248812907019301e-02,1.104436468691643691e+00
1.531761293521709755e+00,-3.739329707523157409e-01
1.536694573891347781e+00,-1.382007784784874960e-01
1.979024708035312496e+00,2.504559917638819466e-01
-8.784418654713730401e-01,2.202697605537537184e-01
2.725124516691155296e-01,-1.356625247901222242e-01
1.700952948447329860e-01,-9.240419784100456502e-02
4.687753519355536413e-01,9.676617426572662328e-01
1.427805319496096903e+00,-4.222156553021183534e-01
2.546780289728047264e-01,1.444700786129046455e-01
1.092620759011278198e+00,8.108286923530325097e-02
1.103425824540553157e-01,1.051315230761284747e+00
1.079661013700617511e+00,4.071494228614662148e-01
-5.112250216357817206e-02,9.432854356624915670e-01
2.008165480964703153e+00,3.869185280868178145e-01
1.328041044471127030e+00,-5.649235360074066348e-01
-6.738795154796901610e-01,7.120381093148462348e-01
-2.238182427452989343e-02,1.960669607182188579e-01
1.851595941175885995e+00,-2.897436125008433228e-02
9.839767093839948409e-01,4.371073921064529411e-01
-8.201106820279865928e-02,3.164699690853209346e-01
1.104361527949081767e-01,2.422151925399047834e-01
1.054099918212808129e+00,3.271601326785491537e-01
-4.905496039075681880e-01,8.765834242587539071e-01
1.001010085054242493e+00,-3.348195537838681846e-01
-1.067144455056004748e+00,2.791550517597653491e-01
4.507349459310388551e-01,9.182080358823578869e-01
1.060224800844516091e+00,-5.044321706034493591e-01
1.772218825782728047e+00,-2.110637012579562322e-01
-1.489071795971327189e-02,1.120847153303282662e+00
-3.187670015368765375e-03,1.128276286118912397e+00
6.710200530179292189e-01,6.947352333852996331e-01
-1.048272889599875191e+00,1.843329556435617522e-01
2.141340431079386875e+00,4.151490632662817037e-01
-8.612425758926423036e-02,3.595295016777101393e-01
5.937088425935785896e-01,-2.561591286519232513e-01
8.597710146692860711e-01,-6.133742629102949540e-01
7.122057914216344265e-01,7.636968788905211802e-01
1.975173094445775046e+00,2.856588079915726164e-01
8.952708188570002168e-01,-5.233745323660887738e-03
1.980030268072163979e+00,3.929806802622975992e-01
-9.729769415407821809e-01,1.337406085489734053e-01
-1.058285863337080079e-02,2.184519858691031657e-01
-8.262774953221394547e-01,1.113548745100242932e-01
-1.262987411619776457e-01,9.991141262435215831e-01
7.152152101260844663e-02,2.137323816039177204e-01
1.193361900106393092e+00,-3.052144212985740679e-01
9.152997116838883507e-01,6.690519555403553476e-01
9.799139208962152903e-02,3.611555341546659470e-01
2.001868716345855503e+00,1.186183212187175984e-01
-8.873510140249855072e-01,-2.331491786202245786e-02
1.998075425546437023e+00,4.940123399420293104e-01
6.092056483152270552e-01,-6.638160394638825679e-01
-8.242035633333752997e-01,4.862232168604267990e-01
-8.035571900939413315e-01,4.441510746117626751e-01
3.379461561373531264e-01,-3.197444067217604102e-01
2.470988834507459320e-01,6.303736308559779178e-02
2.317947275515370997e-02,1.085174100200542613e+00
1.904241584840385304e+00,7.053891990231109244e-02
5.738425026982231225e-01,-6.291479795732302094e-01
2.120194738835408099e+00,-6.071168465422799310e-03
1.973917532312457146e+00,5.336702632029092230e-01
7.143702619745585514e-01,4.841057494274704220e-01
-1.000114842793722314e+00,8.316999871571993663e-02
8.886973822595097827e-01,5.172295532983969268e-01
-1.425709689596235119e-01,9.054609616066982003e-01
-7.281142948059435849e-01,3.896611669643255116e-01
-9.639868161637296096e-01,4.506431333136554085e-01
8.759394882322126819e-01,2.439446862150178585e-01
1.859072691590790694e+00,4.063057956359382716e-01
-6.409620922169557700e-01,6.511104948069181830e-01
-2.744048100823486269e-01,1.081433934958463849e+00
3.561953752923341376e-01,-3.241173652818618578e-03
1.354510608214071488e-01,-2.636909492668466637e-01
1.246906730359912674e-01,4.765836518893412643e-01
1.812632798422858071e+00,-2.458627691594613418e-01
-6.044029551891758612e-01,8.790293137268266888e-01
1.445005947488754883e+00,-2.764980046024564930e-01
4.667947353937902388e-01,-1.273843435710175498e-01
6.453172542201037615e-03,8.973688733670498463e-01
1.906198640526979071e+00,-1.432092908251154095e-01
5.432468220864846709e-01,8.922961398415608647e-01
-4.032084875239089206e-01,9.383259181887304567e-01
1.333245365176608299e+00,-1.366236317244141352e-01
-1.183135724056053328e-01,4.262403625958144926e-01
7.410732251042762009e-01,-5.381978698136193895e-01
9.787004056225830917e-01,4.017223700017645283e-01
3.902010851532508040e-01,-9.484873085769288115e-02
5.650743718380533132e-01,7.217776283016276162e-01
-4.838238737906755960e-01,9.051744214465471394e-01
1.056016476707100749e+00,9.648754082756202943e-02
6.599109652238269175e-02,3.588545108992958199e-01
2.026450016584503688e-01,2.373837332499800779e-02
-8.913260812944694411e-01,2.303569714300013060e-01
-8.853959482145038473e-01,6.844671973336580173e-01
-6.062508800791206465e-01,9.623246383773136348e-01
-7.942685424582993647e-01,5.638700467759183432e-01
7.936791373248054393e-01,5.434967416027389753e-01
-8.863452297609041297e-01,4.246071470622214683e-01
4.820114350582012097e-01,-2.047310242648033574e-01
5.063338974696357520e-01,6.926786500262984703e-01
1.858195525222186284e-01,-1.302216625526907146e-01
1.579719858106181318e+00,-2.647412483455499066e-01
-9.008122488665424310e-01,4.603743938364578958e-01
8.517674355194768121e-02,3.333031100477625297e-01
1.243535227861016779e+00,-5.982094727514205568e-01
1.028526006629401968e+00,-3.094067912543542187e-01
9.220973593249259803e-01,3.958504395883112870e-01
7.281628381986871013e-01,-5.645548421685975260e-01
-4.319757097156188275e-01,8.505999154740653267e-01
-6.552261810525650265e-02,9.617739659530744056e-01
5.784385724923262195e-01,-2.585753243054986772e-01
1.078428631803642013e+00,2.077321112790606050e-01
5.138344018024568194e-02,1.178322687963773707e-01
-7.263333047922226893e-01,8.833167851908974022e-01
1.867792634275781405e-01,9.651051854598552415e-01
-4.676315594473404169e-02,6.445038438465454378e-02
7.466678766692772529e-01,-4.640855831341531013e-01
1.244609148378076346e+00,-3.594760429564781146e-01
1.472262214998568686e+00,-2.535906342814979730e-01
3.127433888811597118e-01,-1.381647103668231513e-01
9.546704265418554103e-01,5.635408712215260740e-01
-4.333632736425016563e-01,7.946924491743514452e-01
-7.118797019353304556e-01,5.755747107582011024e-01
1.084189867351694536e+00,-5.438466213150292550e-01
4.883632071631733851e-01,9.378658468859435438e-01
-9.868635889305458209e-01,2.981938507830518281e-01
1.928024693616798180e+00,-1.170867255569211229e-01
-9.209923177035345132e-01,3.360893309916164751e-01
3.701607752229626458e-01,-1.127496261673613942e-01
1.267740935895371179e-01,4.336263638766967299e-01
5.282558734299833830e-02,7.617885428921358781e-02
1.552670888432609475e+00,-2.200517743534499415e-01
-6.331854796004144914e-01,7.379430376278424131e-01
1.353566966025003371e+00,-4.048991047422628720e-01
-2.828419770291292212e-01,1.129830183269436183e+00
3.471106827223315872e-01,-2.294712366984993368e-01
1.735579052388590560e-01,1.266834430734683714e+00
1.042959679848685539e+00,-3.671446116238944457e-01
5.062935231773580957e-01,-5.211362824394696336e-01
2.341232799436459566e-01,2.509467686003802323e-02
-7.187026017101939557e-01,7.021681534079373677e-01
3.162287678731115492e-02,1.041029321296129684e+00
6.678247957174086036e-01,-2.799567907182053950e-01
1.669421507699370810e+00,-3.052957959744483363e-01
1.123156541764762650e+00,2.013531791344293498e-01
-1.100142394064446361e+00,1.025364122957646007e-01
-8.690967143294475727e-02,9.079148277175216331e-01
8.241143254116807260e-01,6.238706875691173437e-01
-2.953810868533804368e-02,1.269329991096104504e-01
2.801654670690202631e-02,9.052302595166848986e-01
1.089756553296026720e+00,-5.309344712604491257e-02
7.325848399880010575e-01,7.232707668853405325e-01
-4.112277760295891815e-02,9.894364384344429553e-01
-9.620473003889876140e-02,5.415117016158422780e-01
7.447394737406631826e-01,3.562479336867991897e-01
-3.558631185502241778e-01,1.013349426837065304e+00
1.158379007237684277e+00,3.633665335941313468e-02
6.512370718462258123e-01,-2.758963540885026600e-01
1.799669517887332759e+00,4.971133035932594479e-01
1.122251943215785142e+00,-3.195610895868542523e-01
5.141575176552305448e-01,-3.734261955714096581e-01
1.490930692028581694e-01,-1.372612001915482216e-01
1.604979104056762251e+00,-3.090333965264125404e-01
2.267674429263230595e-01,1.005516141205982095e+00
-7.248355174985703364e-01,4.424485255435914866e-01
-3.677054242220527125e-01,8.793514900893713016e-01
3.893022329489086997e-01,1.034781388774855149e+00
7.406017769865025357e-01,-5.540489077300936316e-01
1.889597655678716681e-01,-1.843146107958580082e-01
1.391452537797875699e+00,-3.104012936241085097e-01
1.583415655557161905e+00,-3.801591406511765636e-01
9.388184963575270103e-01,1.480784220958346609e-01
1.813388715367149739e+00,1.054473779307929793e-01
2.542871332792266958e-01,9.470191889015369124e-01
1.122614560646288950e-01,7.365858079021223581e-01
7.864019743546366570e-01,-2.704015803970689080e-01
1.107446961926314088e+00,1.333997950137742194e-01
7.905211978643716941e-01,9.558603566444519029e-01
1.812124130029870939e+00,-1.333468260284931539e-01
-1.080126180133149871e+00,2.270612683095036555e-01
1.583425028846185967e+00,-3.740241702902937226e-01
-7.651512901284633905e-01,8.954721483207671584e-01
6.209390758706689883e-01,-1.961610497518139762e-01
-7.110224340300633217e-02,1.652132062260748269e-01
9.647998095468507396e-01,4.312756823672639905e-01
-4.596262426201939699e-01,9.382433397159993804e-01
-9.331076424710313955e-01,1.099863025735664523e-02
4.232897131145436087e-01,8.323263162699700013e-01
8.339965522394631181e-01,-4.280827608830258812e-01
8.397288739914188227e-01,-5.893492981266343911e-01
7.766246993901356754e-01,-4.483247150542611359e-01
8.867509583734863865e-01,5.172366187093951906e-01
2.382290664015945247e-01,1.147668259872495655e+00
5.569902050218360490e-01,9.548104631020277733e-01
-3.718293970078319632e-01,1.050149166860514516e+00
1.643407063601465268e+00,-3.266898986487751233e-01
-5.054375970773614668e-01,8.043460182462592867e-01
9.159049019569828198e-01,2.357485201288936350e-01
-4.278300481613823147e-01,1.017290717802225908e+00
-5.066193245414115642e-01,7.049728536490599273e-01
1.719981825231403860e+00,-4.525557035226245028e-02
1.133317205756410262e+00,3.212299846194172082e-03
8.665738390771368094e-01,-4.204494981363497419e-01
1.292160895352554295e-01,-2.058758575352824804e-01
-6.809747483400492296e-01,7.025854045002308812e-01
2.856169866546361957e-01,9.288882519237261493e-01
1.999942220814828975e+00,-7.425261262124745187e-02
-6.550422061943101948e-01,5.910018001057700809e-01
-2.243437158700762324e-01,1.122723165242388799e+00
1.275906519732747935e+00,-3.089458330758922955e-01
1.795561113718235902e+00,-6.813682486613399647e-02
2.686953685435595762e-01,-1.803175431735858647e-01
-9.817839363387543816e-01,4.162410949225980317e-01
1.796667356390992065e+00,4.941698078242632297e-01
5.861874387316878821e-01,7.414889676124788442e-01
-9.441382184937112676e-01,4.933858845784474534e-01
-3.514285978659052456e-01,9.263944280239435614e-01
3.707051116471497543e-01,7.531611330177045982e-01
-6.991495685560392692e-01,6.319635803315385436e-01
2.064222701994589126e+00,4.274403184197655969e-01
5.989266348596525846e-01,6.168900757552696623e-01
1.282501291766725560e+00,-3.182660612369963005e-01
-2.233898104687806752e-01,1.128879823201407451e+00
4.584858986873392439e-01,7.760219075450527360e-01
-6.056554725655178828e-01,7.209343783856551058e-01
2.005522392752193461e+00,9.965317598841527680e-02
1.530670886601832814e+00,-3.569998960660000220e-01
-1.044056222328748174e+00,1.671446867504272071e-01
2.271856662496662516e+00,4.340167631080884547e-01
-7.217104922927737309e-01,4.052189128316152078e-01
9.883633891938583549e-01,2.715437714653462509e-01
6.391224491311708888e-02,3.808518492660400989e-01
1.872565780752225129e+00,1.845511220745501557e-01
-8.528327921103499021e-01,7.741001949121479875e-01
1.404247917988142857e+00,-5.182080355191636123e-01
8.061083153062544859e-01,-5.344003683826787920e-01
4.836499732357856796e-01,9.616619295581283478e-01
1.355728825010821481e+00,-4.079048323305297097e-01
5.356753687742932257e-02,4.496077409915705259e-01
1.689298420605351847e+00,-3.556281705683774774e-01
-8.758000387853138724e-01,4.178849005382689885e-01
-2.150305473585522043e-01,1.010519333166335798e+00
1.910377092531973409e+00,-3.043930703824601625e-02
-8.929242772294473385e-01,3.158739325228323569e-01
1.949610978198905054e+00,1.621070893787864842e-01
5.290852378954631341e-01,-5.189005347217736652e-01
-8.561993479241444271e-01,5.206777275948213379e-01
-9.127247784624011873e-01,5.992787017250120751e-01
6.074688098296232575e-01,8.070016124403434077e-01
8.090599339100165155e-01,6.417941890690198603e-01
1.928473321243806327e+00,3.011637288013853109e-01
8.516383768285651357e-01,-3.963234250424202965e-01
1.956852072852826474e+00,2.653148227617020335e-02
-8.833682737055971179e-01,5.515702349926675518e-01
-3.570826769581075810e-01,7.245558970679706334e-01
-1.026806314534058018e+00,3.675027629565911225e-01
-6.073968296659622290e-02,1.079661030372132346e+00
1.713261170106520570e+00,-1.690383378891113786e-01
2.110210027401694943e-01,9.457000609663208657e-01
7.126509011791848369e-01,6.382337086851773700e-01
1.904559712579811048e+00,2.712156943220779270e-01
-7.942756971786506526e-01,6.445356788095901734e-01
1.884649859470167277e+00,-3.610987779682989229e-02
2.833121064910172349e-01,8.760050844987912200e-01
3.463581311606285240e-01,-2.775188719691692452e-01
5.328903681453065477e-01,-2.094818216871144889e-01
-9.871043779357087100e-01,3.909230419968054981e-01
-8.276791245184115242e-01,6.547576512576815944e-01
-3.858659218995910689e-02,2.803499352119827037e-01
5.206176041549933631e-01,-3.933421102120864821e-01
2.039319681803032580e+00,1.717541783223943685e-01
8.916160586584179204e-02,4.275602012705716493e-01
-8.519860604264747339e-01,1.102083170362278125e-01
-3.079970342217398099e-03,9.420760220561216203e-01
2.024721097957989269e+00,4.724186048641091928e-01
8.313435568818704491e-01,-6.891044082602932885e-01
-8.802038401148231106e-01,6.904082423682849079e-01
1.652090058693169272e+00,-1.800882018788042271e-01
1.901184652116827856e+00,3.378895016199793822e-01
-1.610535791475536938e-02,-3.768245921491885503e-02
1.739987407787561002e-01,-7.818113764973096125e-02
-8.923235495847523513e-01,4.102183216172136104e-01
2.970613138477495863e-01,1.102558160373374729e+00
6.924019011915369948e-01,7.310505459800044070e-01
-5.975977182984454350e-01,8.059129546868218918e-01
-9.358232285573878650e-01,9.939039409842531647e-02
1.791057662933960515e+00,-1.517287128410819697e-01
4.228390681520948768e-01,-3.468060292957710344e-01
7.730893417210945584e-01,5.830124013027558894e-01
2.112251446102861863e+00,2.849827318026025846e-01
-1.678806248320419137e-01,9.264656076163440002e-01
-4.951945235493493969e-01,1.035113077152340910e+00
9.127328658688022012e-01,6.282955380893325836e-01
1.509405078458418092e+00,-3.070252828861365080e-01
2.038429080578838537e+00,3.563521911282184762e-01
5.567230772768100300e-01,9.128279533576993954e-01
9.984807944430046378e-01,4.016527877179822958e-01
-7.120498763954032917e-01,7.064536635006839482e-01
6.344200618195146024e-01,6.591976697067303270e-01
1.725170765319770982e+00,-1.345280738235061224e-01
7.315278349269298541e-01,-6.280879837558497325e-01
1.604367121269048457e+00,1.550283480902298061e-02
1.213940967261773335e-01,-9.633171767231264726e-02
3.179560512326475297e-01,6.940933570271343167e-02
1.185341202168378016e+00,-4.151070755867612982e-01
5.712865621269295202e-01,-4.436456610713674920e-01
-1.082912754044891512e+00,-3.849273038912220252e-02
8.823602082725043871e-01,4.012681454072679621e-01
6.324196328126480138e-02,1.009640544473863422e+00
2.139559876901356184e+00,4.832490375238774893e-01
-6.428433394847274940e-01,7.715696733551954400e-01
4.461393580155116334e-01,1.117383964276503772e+00
7.407446279189203731e-01,7.806683181368823110e-01
-9.770763039775465231e-01,1.494415900794957008e-01
1.009879205048587858e+00,3.408420001299404811e-01
1.481279656772424680e+00,-4.049076745881686756e-01
1.838300329824059443e+00,4.612325647307031345e-03
4.504706763559664373e-01,-2.589180307508586187e-01
5.575644666964572060e-01,-4.846240412076892046e-01
-3.427761714706402119e-01,8.204493975529462135e-01
2.786409615342780866e-01,-1.439006984394823330e-01
-9.520439030931142632e-01,4.806124361400861411e-01
1.496147285302612540e+00,-3.965147194963918320e-01
5.434361441311458263e-01,-3.597232906349016046e-01
5.363754081794693818e-01,8.277628999568072965e-01
9.721014125833324915e-01,-4.450463409978590579e-01
9.363669602736613973e-01,-3.849149678092605997e-01
1.211649506685779532e+00,-5.038381616619396208e-01
-1.091178514010620715e+00,1.959961394776646160e-01
9.063541706034019541e-01,2.654339540302448897e-01
6.796157920560885746e-01,5.516774887832248675e-01
2.036426903625894624e+00,2.572347281660916640e-01
5.063553364636435017e-01,-1.554883271004181278e-01
1.413884655007972446e+00,-4.009676893674146703e-01
6.032714385430084647e-01,6.754144456416036890e-01
1.084130151865005248e-01,1.164908307660597941e+00
4.367209680905958513e-01,-2.817438275314119167e-01
-5.388994347953879327e-01,6.662628699164293566e-01
-9.214857697732740105e-01,2.824103194998532906e-01
9.745187742062654257e-01,3.106002923805123994e-01
5.417030252517613526e-02,5.408459722597963593e-01
-6.878321007953372979e-01,8.237724370535070006e-01
1.835639566208849160e+00,6.264019424787120593e-02
1.654039318198845976e+00,-2.881842182726255808e-01
-1.134038880913280867e+00,3.514951597255831783e-02
1.227784897262935715e-01,1.190144404427214253e+00
2.222851648590107310e-02,1.173156569308649311e-01
1.148732216680496077e+00,-5.574913986166556423e-01
2.044826705615821361e+00,5.185716341421532372e-01
9.855173768548624036e-01,1.386955195746726599e-01
-8.767452414783661885e-01,6.528499568125110120e-01
-4.043460499067091374e-01,6.774729248152869809e-01
2.049083980780195713e+00,-4.430461515050915927e-02
2.741354395827494961e-01,9.318260353942768859e-01
-4.649331941344410080e-01,8.765993165220550276e-01
-1.047124625017391980e-02,9.553528086883656956e-01
2.374710181829604583e-01,-6.149954295732534826e-03
8.154594883564686425e-02,9.673160410621614025e-01
-3.503701286394054204e-01,9.417086596765307238e-01
2.064868781587226643e+00,2.190577415186814869e-01
-7.685002635950617389e-01,3.135924894676848651e-01
-1.180712089378987528e+00,1.094460930990027447e-01
9.411933873098176084e-01,1.563356336499732713e-02
3.560006028465588779e-01,9.308578987827376139e-01
-8.673589069719860323e-01,3.026211967989137497e-01
1.556848677663156710e+00,-1.736729589678713825e-01
-3.333620306513216947e-01,1.007712702856017994e+00
6.689748777868769203e-01,9.406751106134714213e-01
-3.510357750388931608e-01,9.007500481551402594e-01
2.025130909218434194e+00,-1.042407369888495583e-01
-9.000101631447916528e-01,3.144862970052048068e-01
-9.360038118718273514e-01,2.237560008418381097e-01
-8.589136225597502339e-01,-2.832875739113171684e-02
9.754634146026438524e-01,4.714292132360078935e-01
3.408451075926233198e-01,-3.815082512621376654e-01
1.636246359389699423e+00,8.292352226798214987e-03
5.053117793906429789e-01,8.281341630456471314e-01
1.974589489548691290e+00,3.147809742390671461e-01
-2.755718605538491350e-01,6.949030593689498048e-01
1.887615134075038892e+00,4.150334103816974984e-01
1.125664056091920218e+00,-4.006637136830931700e-01
1.934049347865198554e+00,2.110497670804047099e-01
3.687860247544113013e-01,-4.719249269651244472e-01
4.489098732720223639e-01,9.658967654125201197e-01
2.424814447830474506e-01,9.096945112319958504e-01
1.031125716597665942e+00,3.999887936998703930e-01
6.434180525342892976e-01,-4.062534689863624426e-01
8.647728700029838622e-01,-5.490552367430796554e-01
2.037764437847967791e+00,3.518271979609060574e-01
4.941646685353012769e-01,1.032668081466768806e+00
8.815866067229497505e-01,7.339683487810758633e-01
-7.257113769239310619e-01,7.205724132198778609e-01
-1.283642370392275300e-01,9.539997318213609967e-01
1.380662971826295493e+00,-4.170117097022466579e-01
-6.036423381303204216e-01,8.460197511302536277e-01
7.176175447868383683e-01,8.103019735716986416e-01
2.016422645179112294e+00,4.123672036126205254e-01
1.129171885578258872e+00,-5.267714473845886980e-01
1.347896935949488284e-01,1.006972244760990787e+00
1.512438348016240663e+00,-3.346398824980714171e-01
7.308625680483471498e-01,-4.084102866059192150e-01
9.739149413221350263e-03,1.012603675903693823e+00
1.719172419354287440e+00,-6.676399810944680380e-02
9.292630334990961138e-01,8.166726777617490107e-01
-6.958306320202883866e-01,6.773534168577959313e-01
-9.372054783772587605e-01,5.310768313361824422e-01
1.002130950632423190e+00,-6.920025913391213424e-01
5.350774548204996206e-01,9.856619074010621873e-01
6.998918987646111090e-01,6.213077035772628376e-01
6.621060176946310660e-01,9.073920317848239714e-01
1.877002174670904688e+00,-1.418737119337371289e-01
-2.909609122565073869e-01,9.704310939462718055e-01
2.600445559062504741e-01,3.781004756770414699e-02
7.262432226647717037e-01,5.843342580772351580e-01
1.161161570399105308e-01,1.098842372805798329e+00
1.876241336523884806e+00,-7.414892881996003327e-03
1.591807900431289280e+00,-1.992474687013102153e-01
3.923036853522814393e-01,-2.424662158407487889e-01
1.802531416046914803e+00,-1.689294998162754469e-01
8.855017386628036835e-01,-4.373346114835039433e-01
6.730202578615336328e-01,5.461873553345677479e-01
1.445917497316250855e-01,-8.143927090551376924e-02
1.931486198092620565e+00,7.314789723910249120e-02
-8.677911186658310294e-02,1.068936160586722028e+00
9.842415321820233154e-02,3.376698492250304051e-01
1.108830560067820326e+00,-5.410467293795383492e-01
-2.749961553906384026e-02,7.663421801022726743e-02
7.563032597369953591e-02,1.084629421257186754e+00
8.584118851882455159e-04,9.745246894020254125e-01
1.508772212898728537e-01,1.803227247779929376e-01
1.272008504739499946e-01,3.598514220482300630e-01
9.475599349142213024e-01,-4.436363988069105813e-01
4.626236096577117096e-01,8.714139725921004054e-01
-8.500864598737321032e-01,1.594265251206789524e-01
2.043696333629734685e+00,1.335264665294464692e-01
1.935156737767976254e-01,1.013296334995023917e+00
3.354531880722498860e-01,1.809976380145990327e-02
3.284802436880857601e-01,8.837162566095435601e-01
1.843085756721870805e+00,2.325287578988018133e-01
1.178036682710305927e+00,-4.278944932485395647e-01
-1.978140427902771170e-01,9.288445349522232997e-01
1.338043827011549114e+00,-5.201874459699562525e-01
4.148530240430052252e-01,-1.410759115775599148e-01
-9.209956776312673288e-01,3.683081934207755453e-02
-9.822772993138304543e-01,6.303297573063030290e-01
-6.032058002921865114e-01,8.408707410532367810e-01
1.666194465374876144e+00,-2.143445989273952690e-01
-6.260017206446127913e-01,9.998863111511309132e-01
7.458357551068403035e-01,6.148509346616292115e-01
-6.423236240970371380e-01,6.689420929732619037e-01
-5.942227998295900315e-01,6.098948823637747596e-01
1.923699371036259320e-01,-2.591882890158409003e-03
7.975349684962607100e-02,2.516012016587620970e-02
3.705463195636029411e-02,9.275143623974180240e-01
2.345738596644216800e-01,8.712979660423645356e-01
1.352492749280734596e+00,-2.455432286607518999e-01
1.115992371363855318e+00,-3.284354929185652749e-01
2.228132402220320829e-01,-1.468868788593851726e-01
-6.336372921687037640e-02,1.173784377777259691e-01
1.409840307529990788e+00,-2.694601612552837699e-01
-8.180391209258522922e-01,6.890568464381066072e-01
-6.515370430230343901e-01,7.939953748254857668e-01
-3.721144960431136406e-01,7.552527123946894960e-01
-2.951760894727405438e-01,8.719959181459036035e-01
1.129701925315988564e+00,8.915333464530457441e-02
2.142988745308942455e+00,2.558174987904857645e-01
1.589015988200283447e+00,-3.882669569533088172e-01
-7.626319703813382311e-01,6.213343734357075210e-01
7.024290694113627387e-01,7.912973243353165209e-01
2.880538489321413098e-02,3.604439270500280901e-01
7.411112680097293737e-01,3.504078272303804420e-01
1.217024361615665295e+00,-5.125742766448645460e-01
1.766951397026983006e+00,-2.185477972841568250e-01
-1.007267063129890783e+00,2.628948118783754895e-01
1.796685853290233559e-01,9.975914828110513666e-01
2.023002090908437023e-01,9.620152029537551996e-01
1.060335474252570298e-02,3.099621602123761033e-01
-1.014038911417845412e+00,6.161582734723536348e-02
6.019755201118975885e-02,5.528504326144998426e-01
-9.396574275233714468e-01,2.034471541666762473e-01
-2.380773013101932234e-01,1.037687307735861930e+00
-2.772777216985986559e-01,9.683867628140564454e-01
1.198022452736778432e+00,-4.376878323942940963e-01
5.082358511671344337e-01,6.540378511517536131e-01
1.120271573571414159e+00,5.267449781268911113e-03
3.166671344185867376e-02,8.946679009785620806e-01
-6.557050039351473014e-01,5.438737223440980317e-01
4.598024869213248045e-01,8.107523320462519667e-01
8.606305460415170083e-01,-4.710028741384015838e-01
3.733742183746550092e-01,-4.077505233670126322e-02
7.637920262657389436e-01,8.645493317498877950e-01
2.011765079870968531e+00,1.429986660958565137e-01
-7.954638394918778221e-01,6.982074274894475296e-01
1.790384102135723188e+00,-2.569252461046129810e-01
9.932812573267765233e-01,6.089086149948758075e-01
7.966634429846973786e-01,7.625141004711856185e-01
1.900137053152312960e+00,1.319591715687711830e-01
1.950604782227676470e-01,-3.522704923644120467e-01
1.749777110903980359e+00,-6.300359287911169726e-02
2.313589344316492324e-01,4.693566364821738501e-02
5.756541979114444818e-02,8.962998123547747387e-01
-1.036270906162405359e-01,3.480681806392307842e-01
1.081389127518116888e+00,-5.146182831027864557e-01
-1.001371925722259526e+00,9.088622912490831873e-02
1.746180291462990641e-01,-7.308026711933751640e-02
2.777228643388994778e-01,8.093671867987587421e-01
-1.164209876755466222e-02,9.368010131127318951e-01
1.032029360758412340e+00,-5.263974118823501191e-01
1.905622683593421463e-01,9.228678655588762325e-01
-4.541152259291015292e-01,9.356246428105563506e-01
4.551132558613861789e-01,-2.146603515912143267e-01
-7.916816860053102478e-02,3.153012471753722235e-01
-4.673937473412533850e-01,8.043846759545965064e-01
-6.345825798804261009e-01,8.524130627215159572e-01
6.137141764274897104e-01,-5.521932430413444282e-01
-9.280779590158898529e-01,1.079609345025053790e-01
7.630496647576479052e-01,-4.121622570130318297e-01
1.667114443682446157e-01,7.465626047832846224e-02
-3.859660815149731361e-01,7.525043749774105173e-01
-8.820010942004956611e-01,1.830104181674442887e-01
-6.538470557463754718e-02,3.805445999070500296e-01
9.408979891391116013e-01,4.291969243979234516e-01
-8.342751953561819978e-01,5.133120187964155257e-01
1.122963003615509381e+00,9.605895536715178262e-02
1.177525621029251068e+00,-4.196532241089936943e-01
1.022955647252571598e+00,-3.759906774668218543e-01
4.050091764439157638e-01,9.398730511467119353e-01
-1.082466174138167148e+00,2.368451354404536857e-02
2.246118974541611024e-02,1.099339628149185399e+00
7.839477252076876290e-01,6.236935434285553193e-01
1.596756933729521100e+00,-2.868662038977668471e-01
-1.584888900541595314e-01,9.780423077870498139e-01
5.965816484538625231e-01,7.800186888131461771e-01
1.486119411341289831e-01,-1.783455154382151131e-01
-1.618252850456833869e-01,1.098277042402641124e+00
2.002027264227996373e+00,3.424779127083629748e-01
-2.923968566595756546e-01,6.084568680720133793e-01
1.720772433673534829e+00,-1.465195944533465577e-01
7.018444317245469896e-03,8.741115263308593120e-01
1.251626077450670005e+00,-4.402390685175257001e-01
-1.264721854886142194e-01,5.015238133122431607e-01
1.904496264662754346e+00,-2.505008636016820001e-01
6.743595797521415580e-01,-5.626893723900135980e-01
-3.017551027493035609e-01,7.785641831281318037e-01
3.473132528043838541e-01,-9.039533943010959194e-02
4.084913303489740577e-01,-1.741624541374482416e-01
2.585068734997153506e-01,1.161544140576832085e+00
1.027803827707822970e+00,-4.661971001259364589e-01
2.376254051376120446e-01,1.012955550990538356e+00
4.002137981355089469e-01,8.353881458288001660e-01
4.145010169415235257e-01,-8.716589082952314049e-02
-7.385082580885105052e-02,-2.264716630434861211e-01
5.750644550223620310e-01,9.293436080899789564e-01
8.112373360728550864e-01,-4.063349643036575087e-01
8.069100824727238885e-01,5.333809854819676621e-01
1.110894134128078470e+00,-5.481286299148139252e-01
1.197628005914624705e+00,-4.851406679727481852e-01
9.227042997374834687e-01,-5.695260787110402179e-01
1.025174538810727398e+00,1.803481076292283158e-01
-3.852207404891921927e-02,4.859729551395138847e-01
8.932342365831925646e-01,9.211905070807269169e-02
1.907388002980820341e+00,8.229614170020381481e-02
1.098704692732271893e+00,-4.900167253609379880e-01
7.646695808800533234e-01,5.430394689447006762e-01
5.630101059352261572e-01,9.553832806455760940e-01
1.143671311872076934e+00,2.901668820865329623e-01
8.300245822748029134e-01,6.596803112764010324e-01
9.005983398539265661e-01,2.827393949511802784e-01
7.792046979391797912e-01,5.450673030224609805e-01
9.165591907749003342e-01,4.689806837771414716e-01
-6.150929843658613505e-01,7.118167570472687666e-01
-9.665448129811307076e-01,5.564878943461211147e-01
2.044432686510178065e-01,1.047403817096588918e+00
3.478646329868846365e-01,1.037703927715150964e+00
1.252335575350105756e+00,-6.701835834957355909e-01
9.099222307488025185e-01,4.311465960947084008e-01
-9.267541963040522024e-01,2.829868742423523320e-02
1.110220628287064359e+00,2.809224630141139989e-01
1.063746797327076443e+00,-4.038558484887817546e-01
1.844870149095214629e+00,3.455984799663225915e-01
1.901825850511844607e+00,8.945559376340497804e-02
-3.556982885715391784e-01,8.923502764233912643e-01
-1.662093588738078331e-01,8.115648129386698884e-01
7.107035122220337620e-01,-5.397826332042278130e-01
-7.365957601094595963e-01,6.135009779952382836e-01
1.223023682615864471e+00,-5.845759688860709957e-01
-9.026893674404953272e-01,6.151119100373860782e-01
3.648644406828237541e-01,-2.262224426433049607e-01
8.574252179489519898e-01,-3.454882574989839306e-01
2.264992474635322828e-01,4.938044461832846732e-02
1.092419727399238205e+00,4.863167463089119735e-01
4.512675825288829656e-02,2.062188004382889961e-01
1.058665681116124802e+00,2.241952175862995944e-01
1.445977956723110358e+00,-4.207654316026336327e-01
-9.662353939090977395e-01,7.485281955892016947e-01
9.493676291506534248e-01,-3.799377723274450780e-01
9.887064351980554555e-01,4.125599063698386360e-01
-4.012872982568398417e-01,6.325187246277645947e-01
8.551155683290952991e-01,-5.575503140901912902e-01
2.143501377440457212e+00,4.876513904043845438e-01
1.007074317105605576e+00,2.716950332010996116e-01
8.907944980251826239e-01,4.617671570516393986e-01
9.044095372436529168e-01,-6.535883839394951433e-01
8.131232277128007668e-01,4.387602784068321271e-01
7.756342485243878926e-01,-3.657546543512788517e-01
9.607494688817291850e-01,4.651050818839878864e-02
7.358828896113116524e-01,8.469394332700510564e-01
1.533338180509600912e+00,-3.971061987493140211e-01
6.386678574186080426e-02,2.805025002505474596e-01
1.903732316950858205e+00,4.024690161512360365e-01
9.665197773974422146e-01,-3.896246804614361126e-01
8.165224899123147972e-01,4.807654061334844520e-01
3.345356728135200353e-01,-1.691216311824716712e-01
2.411357324703985727e-01,-2.293189508231461837e-01
1.027166754455449915e+00,2.873783583946703385e-02
2.778539189789435704e-01,1.122158395609103687e+00
3.693009899837200738e-01,-3.356614396212328488e-01
2.099684577337613600e+00,1.753616136871823383e-01
9.141608034108628100e-01,5.967887108998046752e-01
1.849924743523649884e+00,-3.371725413588940179e-01
-6.776837227602986458e-01,6.945444618967701045e-01
9.808263335839357833e-01,1.161677404563900111e-02
1.663697122263940176e-01,9.901272243734909884e-01
1.082817561070005485e+00,7.061871139068529590e-01
-8.296784320620818054e-01,1.802108632942448496e-01
1.055652574458988857e+00,5.537012671498785232e-02
1.655779425150476047e+00,-2.144703886909640200e-01
9.388003024359969917e-02,-7.699440293960223280e-02
6.141905919083856524e-01,7.604300898590115043e-01
5.689513663111815944e-01,-3.162403917643784590e-01
5.218228700767482131e-01,9.014645244920787004e-01
3.098653112072231597e-01,-3.550625270967769920e-01
3.567039790413496503e-01,-3.438878031046125328e-01
1.122148288548139528e+00,1.546493342822989614e-01
3.344812720203560463e-01,1.047984060060934031e+00
6.217376968055997599e-01,-4.029490875321559695e-01
-9.698593422826263799e-01,2.377458114788685850e-01
9.772880577874996089e-01,1.571244899845471998e-01
7.529410499201860674e-01,7.286844984946181381e-01
1.851040822224318205e+00,1.433583194711752495e-01
-1.072483738858775792e+00,1.346811492425979695e-02
9.357289268913082658e-01,3.717450017439201670e-01
3.049159670100585195e-01,-3.597974462239892368e-01
4.910607060423692327e-01,-3.791056784605224550e-01
6.130814080519805254e-01,6.064330999634279795e-01
9.666288268779218429e-01,-4.362444163150518417e-01
9.393518592021423697e-01,-5.088228850581056895e-01
4.883843489117836723e-01,9.039975958605612760e-01
3.312871352846508133e-01,6.500135213733688744e-01
6.618508366599882287e-01,8.189704845069648576e-01
-3.388596544858519244e-01,8.988849469215061117e-01
-6.392411194985528899e-01,6.285374725208219271e-01
1.493228833527976418e+00,-3.522133899724016470e-01
1.821425987418358039e+00,2.059559488978280339e-01
-6.079200845737102732e-01,8.649736797363225538e-01
-5.632591923538396994e-01,7.411966578338216038e-01
1.901125196623583369e+00,-1.336914787183399178e-02
8.469205631596712358e-01,7.589655725941866216e-01
1.037315239665712374e+00,-5.097772450546255163e-01
-6.375428884278241393e-01,5.936123038267280272e-01
-3.894558161478452463e-01,7.711202918005022333e-01
6.660365629521654007e-01,-2.604121460487378026e-01
1.203133709785657368e+00,-4.586354252631780759e-01
1.084372639869775473e-01,2.412198433362948424e-01
-4.074958261893517342e-03,1.340692219785896977e-01
1.865314075786593584e+00,1.522416280310416870e-01
3.653084657856155854e-02,1.081181773073299546e+00
9.306639955868502012e-01,3.300586052755575261e-01
2.713012579093289078e-01,1.006422839736589997e-01
-6.935351061163226305e-01,7.110436360449033932e-01
9.237320676142197762e-01,4.510988223380854589e-01
6.618219449983637759e-01,5.416598513493178224e-01
3.803772847833722937e-01,-7.310417712336117479e-02
1.838250726507563160e+00,5.849911664811975609e-03
-3.332169012662589136e-01,8.292382082331151150e-01
7.202086362583287604e-01,-3.250175282838654311e-01
1.284538555548562888e+00,-5.030961300216264531e-01
1.986655612651578640e+00,1.413962276929258410e-01
3.767638349231526851e-01,-4.016952071386238887e-01
1.263294285458099464e-01,2.116231869503365226e-01
2.136752305092139148e-02,1.034355192435526760e+00
7.470287062697911207e-01,-5.468670489885638641e-01
1.371316985832511381e-01,1.974816096311217684e-01
-6.767671058444554300e-01,5.465674079071629610e-01
1.955319044886933977e+00,2.405358836608447737e-01
9.629836376860136937e-01,3.514934669595934369e-01
-3.504566382317439999e-01,9.071796031028311891e-01
1.740120865311968856e+00,-1.902095400330975905e-01
1.372417747436869839e-01,1.948618360819761863e-01
8.447558675286859220e-02,-1.470446526385217612e-01
1.471640808785233068e+00,-4.350423084259993356e-01
1.356751248841898128e-01,8.665836136311901861e-01
1.662159525949073791e+00,-3.000581823786644398e-01
4.811008982248115573e-01,9.666289374892985675e-01
-6.407235757392826248e-02,1.495288766711379003e-01
8.248305538423089667e-01,2.116742928490419062e-01
9.870025763886389747e-01,-3.431366261856304001e-01
-2.164044808664041808e-01,8.960676355739634058e-01
3.954620398442981744e-01,4.353237262999008761e-02
2.269737015717126771e-01,1.026044810933490758e+00
1.773815390791636970e+00,-1.127196762602575286e-02
-8.538393727653532661e-01,3.897374581126696325e-01
-6.602138470921794511e-01,6.520076898323469150e-01
6.753906145317013776e-02,4.526143504270581652e-01
1.853453396308859080e+00,5.105559067515809124e-01
4.444610148195011212e-01,-2.086063673918319983e-01
-1.014211090175970220e+00,6.348287023666608631e-02
8.999375243194446261e-01,-5.428559911416571682e-01
1.553875508217430701e+00,-3.088252274065625413e-01
-2.011172560739759585e-01,1.048642441210135612e+00
7.399663194347061435e-01,3.058365058232602740e-01
4.598323841041578319e-01,8.372440231564742819e-01
-1.274506155076282066e-01,1.011729066335861349e+00
2.202171112413549459e+00,3.334728811868651333e-01
1.636506759656504384e+00,-3.715258773040224782e-01
2.288419481362093943e-01,1.107554127302038616e+00
8.347512881462135770e-01,6.709802122106705013e-01
2.149018783485500683e-01,1.109327055767247855e-01
-4.997542102458069069e-02,2.614252174802825235e-01
2.933036007018854918e-01,-2.402909744321413688e-01
9.284170907790065264e-02,9.421684500521783079e-01
1.108586667344665155e+00,1.860872400070170685e-01
8.735339395492989212e-01,-4.046566414057113925e-01
1.568229591664763944e+00,-2.493186286756375603e-01
-9.014228062208139436e-01,4.036983207022555309e-01
6.889676080236539768e-01,-6.225356952945694244e-01
1.096416930973069803e+00,9.304834059065185403e-02
-1.077580312415775676e+00,1.388364858613065911e-01
1.299458171996084932e+00,-4.965329126783680769e-01
1.004757407919959489e+00,-4.218304830893765400e-01
9.152530776484751884e-01,-3.605285713765009059e-01
1.727795547145646315e+00,5.068833927104528236e-02
-1.003159410619336223e+00,4.293509525436531860e-01
7.208956549047901285e-01,7.975058216371231357e-01
1.451096192705925603e+00,-3.190145257796075939e-01
9.900561172548428823e-01,4.976131690335924285e-01
6.058805012863726080e-01,-3.526880253026705714e-01
-6.471878289250217187e-02,9.695939786677840733e-01
1.485459941458335598e+00,-4.405487628255521093e-01
2.020569398561387509e+00,4.632575129770734046e-01
1.370247474871252313e+00,-4.789984080157988489e-01
4.578805646490313741e-02,8.033886547774042874e-01
3.208311469228104507e-01,-3.766365962892398445e-03
2.473460027062533706e-02,2.880546663792274420e-01
3.138218440395634246e-01,2.674883730465254517e-01
9.397829214547723797e-01,-1.132198088216611331e-01
3.411986825952135760e-01,1.049074861090161903e+00
2.294255193536644810e-01,3.348948278338755302e-01
1.944700113843596201e+00,-6.585279697218683614e-02
1.037376134651044834e+00,1.884076001140243262e-01
1.049296035879343947e+00,3.065657998641500570e-01
1.849651859992326841e+00,3.326885907889479133e-02
1.473508235085254858e+00,-2.374341055724777383e-01
2.007884672029085937e+00,-8.564831347274383389e-02
6.014278090422694456e-01,-3.607298217442582722e-01
7.003661210602712961e-01,8.042315871261391802e-01
1.125130637611951312e-02,1.123774667123263793e+00
1.702705937667279734e+00,2.266019291924756263e-02
8.659924744292748500e-01,4.619047925230875817e-01
1.284560750007960772e+00,-4.042838921307996825e-01
2.071978164261553790e+00,5.000353412807254649e-01
-2.452218383650209832e-01,1.061391860302028256e+00
3.509427199200847447e-01,-2.351562057719331911e-01
7.572397020965244696e-01,-3.759498300995277043e-01
-1.042609378093195316e+00,1.094182324511384086e-01
-7.530049581762723321e-01,8.346605979145638177e-01
1.880514114591995023e+00,-4.323845061519698829e-03
8.101770513568032905e-01,2.189922754791858162e-01
1.031928462858638706e+00,-4.652052130368918292e-01
-5.951286230711964054e-01,6.820601961793552048e-01
1.914403583837609446e+00,4.126891994816451192e-01
-2.977215918523576921e-01,1.114203021696932971e+00
-1.100478190556549496e+00,2.350563807451668819e-01
-3.440716953701623559e-01,8.817073530919750102e-01
-5.797230983479392252e-01,8.056509766280660623e-01
-5.055833751821253719e-02,5.139546667110936329e-02
2.664818949424421213e-01,5.583228566315392993e-02
8.224567474087070007e-01,-4.031120982722159463e-01
1.376639059140551735e+00,-1.825317629327925240e-01
3.076292904401179418e-01,9.581538284170001418e-01
4.043982885326729559e-01,-2.677842028015815501e-01
2.050628860602552894e+00,3.271599455455700411e-01
9.739035833365605743e-01,4.994118672279056481e-01
7.045419406639122917e-01,4.833887628058885499e-01
1.388938341802979037e+00,-4.532995242198248342e-01
-7.102480591797701859e-01,5.467382986185234106e-01
1.972071340887305846e+00,1.238118632623887994e-01
-2.652322934002123711e-01,1.065064044674958410e+00
1.723155595818260499e+00,-1.819019529084056064e-01
1.779979336532855061e-01,3.279818843491277836e-01
5.096081155753189318e-01,-5.715601641823133683e-01
1.076463844978605255e+00,-6.776910617112297253e-01
1.745673904571381163e+00,-1.470701602002412733e-01
1.373938042694310191e+00,-5.798492219171957895e-01
-1.422021572364125241e-02,3.738186016452257343e-01
4.919186180006410725e-01,-3.616908975949988947e-01
1.732023050539091003e+00,3.368604806297204046e-02
2.247749460920005771e-01,9.422900574073302948e-01
2.808864665759608359e-01,9.393186284657148999e-01
6.326017353206294658e-01,6.629273125186632143e-01
1.117962928246960086e+00,-4.445963070330110067e-01
7.060661415777990113e-01,-5.094698716115184656e-01
-9.288949219869283569e-01,6.285466989475815835e-02
9.393117896772312791e-01,5.193338166434592340e-01
-8.985353198729271185e-01,5.455681599113446634e-01
-6.646645721682673535e-01,6.757598505846650339e-01
1.399308097983904098e+00,-2.713208494988369468e-01
1.754765768352921640e+00,-1.112507940881280050e-01
3.835287653535420782e-01,-3.870652119388735546e-01
-7.678309790826444436e-02,3.181982842130054445e-01
1.950775069555121366e+00,1.465824074272704114e-01
1.203139631191318393e-01,4.781750348463873479e-01
5.097678737880524391e-01,-3.303181464410436252e-01
-7.665534046562604287e-01,2.821414300190858704e-01
2.973821933139527696e-01,1.126048441251803478e-02
3.318843446339938552e-01,7.974335644649440669e-01
1.201810244480509882e+00,-3.096277805996309196e-01
5.818722607377813105e-01,7.579014000395243311e-01
-8.193616955460467643e-01,4.525149493747681051e-01
6.939198185646118233e-01,8.343218872743130010e-01
4.007505457746741717e-01,-2.734957574990806717e-02
1.749782445010599430e+00,6.487000106712834113e-02
-6.552615987829695232e-01,7.629967465222585732e-01
1.630187997162098501e+00,-2.681057004981899916e-01
-1.051538911455277781e+00,1.165800387365091423e-01
1.795509929661981641e+00,-2.566417056509951444e-01
9.482608232914624402e-01,-5.332998747840603793e-01
1.386209784241200227e+00,-5.375329150727508054e-01
-5.879814870128537152e-02,1.058985057574258537e+00
2.108122600336167718e+00,3.991557921850534818e-01
-5.367034787922452255e-01,8.180707069685710930e-01
2.557650242095297344e-01,-6.481764280596813421e-02
-9.070843243340249717e-01,4.700451562485330470e-02
1.768980302178737363e+00,1.147499772792609368e-01
-4.572264294452891842e-01,9.740827497536680424e-01
1.146166327925518313e+00,-5.007044492088563725e-01
-4.790213527937872140e-01,8.416834688404714049e-01
-2.381657805164646979e-02,1.127168829978147713e+00
-7.028038708683141678e-02,3.030627298403322234e-01
9.717411755124758521e-01,-6.232604728650043002e-01
1.383527013949612083e+00,-3.455920240808385557e-01
8.387949187550595154e-01,6.602642180041538023e-01
5.993545510931117537e-01,8.759635170437872764e-01
-8.536339838503852473e-01,4.160550502748415758e-01
1.746368971631774847e-01,3.332243695483196322e-01
-2.767472886146221667e-02,7.210990331583655433e-01
-7.954573437418073212e-01,5.602225335134992656e-01
1.840488735617475946e+00,5.715968393395703950e-01
1.173291971022767832e+00,7.134055836311464782e-01
-1.283477482453034835e-01,3.150919655169629463e-01
8.399531974985126048e-01,9.988842496372579705e-01
-3.198633417554493930e-01,1.036363519314285941e+00
1.302323539933817109e+00,5.511988705782865372e-01
-2.792454949129795638e-01,-4.493636523605715749e-01
1.608703621569729236e+00,1.162674224281053270e+00
5.062266464372471297e-01,7.598525746429579675e-01
2.144475575332492223e+00,-1.388544142371770374e-01
4.984718347711565301e-01,-3.182991829922759974e-01
1.648376570418061071e+00,-1.731540895718077788e-01
1.081214702787572257e+00,9.126208809948156420e-01
1.757130979223305189e+00,5.032906363311528963e-02
1.758135898781968187e+00,6.206449530733126885e-02
1.767886904589483610e+00,1.114641308364258343e+00
3.672329923263097928e-01,1.219878707344702384e+00
5.122693132137490224e-01,2.374490677037149888e-01
-4.876554356512322608e-01,-2.015356995447187272e-01
2.214171442918081212e+00,-4.858984716334318055e-01
-1.227665517729394917e-01,3.855860811694057366e-01
1.420623245567990356e+00,5.969485182239494536e-01
-1.172097784368906659e+00,1.081695454796172573e+00
1.665905786310021952e+00,-1.935424418920357326e-01
1.179738934421004970e+00,1.184021961305742998e+00
1.291277306516534829e+00,-4.067055374492089537e-01
9.196348980722133248e-01,1.044024707005745789e+00
2.040383310581396881e+00,2.348714299131957617e-01
-6.757045370838566933e-01,4.977199959220014458e-01
7.623621035864678319e-01,-5.558134450182738995e-02
-6.307545236151654855e-01,4.414310331093239670e-01
1.135543548834386574e+00,-2.104218016565904126e-01
1.471255645866052841e+00,7.047351247478496061e-01
-6.974529747976693228e-01,7.065611658387457306e-01
5.193911171445053654e-01,8.184474859759972576e-01
-8.539201702804224414e-01,8.075749462883724528e-01
-1.892446244931649257e-01,-3.101744711918895114e-01
1.605775393981087706e+00,1.075454022601356030e+00
2.221473807312288162e+00,-5.882428692319108254e-02
-8.962683805980359297e-01,-1.359044207988492348e-01
1.485400090710516263e+00,-8.016853785005684241e-02
1.888230771797636098e+00,1.259056092562160778e+00
1.788009353320425543e+00,-1.826078471129183312e-01
2.090101712060126182e+00,8.423015018506706530e-01
-9.562147129108512500e-01,3.999244909271504334e-03
-1.194820078743730640e+00,3.558201035287752445e-01
8.581671213537882537e-01,1.092559122908702385e+00
6.711447780849981726e-01,3.207013808512341191e-01
8.693713822455007012e-02,-1.455691492534593179e-01
1.696493787661195185e+00,1.729125905179432765e-01
-1.051979080315195825e+00,-6.339479702275415685e-01
1.468495306954762381e+00,1.036280738373025034e+00
-1.160545994445814744e+00,-4.527536212266780602e-01
1.406751734319362068e+00,1.003767993094478506e+00
-3.187166734044875049e-01,3.643734631982192829e-01
2.119226494700281460e-01,1.093076348822394905e+00
1.769181925412586232e+00,4.456159930580837480e-01
1.898556988344746177e+00,-5.149242274713509149e-01
5.241331252150838171e-01,7.595938593981702569e-01
-1.209266869172783476e+00,1.176405825027898810e+00
-1.100716872191290330e+00,-5.115505901318666560e-01
1.842403896110956119e+00,-2.241903504723785634e-01
5.203678145118224574e-01,5.627240391414799481e-01
1.304651573516653063e+00,9.177490275061642722e-01
1.594203765153985319e-01,9.208357015478304541e-01
-9.485037200921324629e-01,-4.616769549586785537e-03
-8.016073272695775076e-01,8.348540215876320003e-01
-4.277071637284958205e-01,9.945823978842996960e-01
-1.923134983384535701e-01,4.067995753795972114e-02
1.454569959437317817e+00,9.884139957066994109e-01
1.228217918382276785e+00,1.333505467523137256e-01
2.051580653985992431e+00,9.830433562975272599e-01
1.892759778360476375e+00,8.283340340449144579e-01
7.421975686031687669e-01,8.977902791832442775e-01
5.947753498469865452e-01,-4.150836437089173159e-01
-1.110094343175926923e+00,9.797121176319015801e-01
9.059157134780160270e-02,6.383544738900942539e-01
2.210752805490844963e+00,5.490731530546330008e-01
-8.016120228278706961e-01,-6.171523653421274735e-01
1.263067894756784604e+00,-2.853263651403382117e-01
-9.770486443034454016e-01,2.629704270629048546e-01
2.246792253417952967e+00,9.405938266973401518e-02
-8.371121382344122175e-01,9.461327703689496049e-01
-1.230523655577959952e+00,-5.519225511116653271e-01
-5.115950971816449755e-01,8.251625835943917631e-01
1.458267816954337714e+00,-3.383047428961916125e-02
1.455173655533478438e+00,3.432902208067961647e-01
-6.721493452402915736e-03,5.645879511082144697e-01
2.121868825041111073e+00,7.989086361928562363e-01
-4.385131629611607185e-01,-6.007049414085474659e-03
1.968056396934200425e+00,1.922989704469884042e-01
3.802439048255230603e-01,6.913187697101196294e-01
2.172891173547953247e+00,-2.135273013599175984e-01
-1.112243067861149459e+00,-2.639335122914615028e-01
-5.948105036540811685e-01,3.255672453319914394e-01
7.672864130151677564e-01,1.209111129885438007e+00
2.109404929519240302e+00,6.221381986459117996e-02
1.211903001183835649e+00,1.234154767178810008e-01
2.124572907514034714e+00,-5.107038906266527789e-01
-9.484976292919999885e-01,-5.106088746555834668e-01
2.196127136841108829e+00,8.752975122164484700e-01
9.671046458567085224e-01,1.348203192162129582e-01
5.558311792389305506e-01,1.060123079984774730e+00
-8.947910256273257090e-01,6.982338911943658522e-01
9.284142732056506198e-01,1.168272757375273141e+00
1.256078898322939619e+00,-3.484096039657253452e-01
4.547399614305529525e-01,6.363533709089873591e-01
-2.921493254943728912e-01,8.035660904223881351e-01
1.760888730288492798e+00,-4.782113105507416195e-01
-6.322647970826075214e-01,-2.175857090600363808e-01
-2.060889222916670871e-01,6.566933328345281318e-02
1.519386368596853387e+00,5.003111878674518787e-01
-1.107677400947184809e+00,-5.692061606969023302e-02
1.358983538163720084e+00,1.031882422230189000e+00
1.481841960038199346e+00,3.156912609385941204e-01
1.484191545202205642e+00,-4.774047133718823388e-01
9.326820238008770581e-02,-3.214793265838930547e-01
9.285857020708205845e-01,-5.875223558486033504e-01
5.025500705659757816e-01,3.794166050948303281e-01
1.112429515802050073e+00,1.012286860676925304e+00
3.562429358220366993e-01,1.095929390442766493e+00
-9.081182648732917251e-01,-4.592541323760373495e-01
-9.785477014686050357e-01,-6.467484461998478373e-01
8.227211270394962916e-01,-1.918975893376695385e-01
4.411374216236223500e-01,-3.436953649838624947e-01
5.348511470913179799e-01,5.238628307858844702e-01
9.471293124600275171e-01,9.851817200837326149e-01
-1.653484759185241959e-01,-6.204603905738899083e-01
1.005517881500006538e+00,-4.182720616824484039e-01
1.316764654645918853e-02,3.757238644808799100e-01
1.316268398992411104e+00,8.966868548191279098e-01
-7.817200340448606788e-01,-3.250940162936764022e-01
-7.336877459038008142e-01,-2.827355090367392743e-01
2.361092782640208387e-01,7.104148866958496233e-01
1.801341377775679931e+00,-2.760875139988938076e-01
5.048584424738500331e-02,-2.763797269201850870e-01
1.532418364747210049e+00,3.162023427549868204e-01
2.715777841914830404e-01,-3.260491303184163137e-01
1.252005532388072773e+00,-6.546248866323447491e-01
1.367349477368354105e+00,-2.269931361529746172e-01
-2.869206705973437188e-01,1.157124748255240032e+00
1.488654199600382366e+00,-7.845293360675831273e-02
-1.318446268305053515e-01,-5.995668621237015827e-01
-1.211813982629245334e+00,6.653710940349323311e-01
8.732686164906722226e-01,-3.599196809866239133e-01
-1.075066254888143114e+00,1.022913024866604736e+00
1.333236137273928978e+00,-8.241069682906498883e-02
-7.190510767429743044e-01,1.143469831490059985e+00
1.552175818731758028e+00,9.608079909004586527e-01
7.198238646624488535e-01,-1.852633602482957054e-01
-6.450693049854976380e-01,7.397305215279789126e-01
-1.180065192618859005e+00,-6.792960830073280221e-01
-3.647293872035596296e-01,3.569505465942245381e-01
2.174091740750124568e+00,1.131904167587247656e+00
-1.818949739318953540e-01,3.279300743662664219e-01
6.977526488780103620e-01,9.142560805391516388e-01
2.076888675476056711e+00,3.067466971838600509e-01
2.661398949207578468e-01,-3.212090335130990959e-01
-1.096586578698999226e+00,-2.890345853317930480e-01
4.664314793558794747e-01,-6.997886798622383608e-01
-1.058043331451048674e+00,8.492126078231968522e-01
-2.919288457838642437e-02,1.473001574155705651e-01
-4.441412208947415063e-01,7.267519878789102661e-01
1.282680328298402284e+00,8.158431051016054036e-01
1.230321468926179662e+00,1.228430495605039585e+00
1.927445385518493648e+00,6.714408420972121094e-01
4.710010175056276172e-01,-4.589730075619750105e-01
1.755618078733601095e+00,-6.997564102696610666e-01
1.276492551944305109e+00,-1.543136366223389899e-01
4.184078375073085887e-02,-7.050914725726900034e-01
2.727141090347318109e-01,1.139468150690175374e+00
-4.561053592861824546e-01,6.330897831111702567e-01
1.955500699808114806e-01,1.843770501472149492e-01
-1.002203965048620748e+00,-6.955115717981297241e-01
-5.765193625375117925e-01,-4.641831870687492811e-01
1.447835658682258497e+00,-2.200342400342136795e-02
6.416295720851534767e-01,2.929578118220238503e-01
-8.043628809520764200e-01,3.564091840274176137e-01
-4.745711491417402561e-01,6.140154041459574552e-01
-2.086785296836157766e-01,2.259903275663648348e-01
-1.171794094627542693e+00,8.256559859632609522e-01
-7.447177704118798092e-01,9.856967328562092900e-01
-8.475307570456980244e-01,5.980380413739830869e-01
1.779631063848607031e+00,2.593254858333220447e-01
-8.502507508879821874e-01,-1.730321268315896388e-01
-1.237156805218791789e+00,1.153992497594404476e+00
-1.184203434181782422e+00,-5.326546299671528484e-01
1.556834769049698863e+00,-3.131635212439878857e-01
1.573580872289722876e+00,2.596677751531786260e-01
2.125767615691153800e+00,-1.125108103767296086e-01
1.933563219030560276e+00,4.713590850776684382e-01
2.248012693612795321e-01,4.547539210253878084e-01
2.440445903146528650e-01,1.202448317498735264e+00
8.993947332862126665e-01,4.034915672897920746e-02
-7.163816029933879337e-01,-2.904294709013865994e-01
3.807545387627688793e-01,5.409802216966960176e-01
-1.217665656526507156e+00,8.883466683211190817e-01
1.295902493693759094e-01,5.435046444915779817e-01
5.601103876150987926e-01,6.810387794844169340e-01
