0,-0.25731424970637423,-0.3665780420800415
2,0.8214436959911535,0.473853454005837
0,-0.33892679861854424,0.40629109631407373
1,-0.38889876777591753,0.9985559021596759
1,-0.4071342796138348,0.9191123555158152
1,-0.965048305644533,0.2764627916124429
0,0.3882472622521094,0.3072400581578601
0,0.019238307286545606,-0.5811222132680959
2,0.9421697010078008,0.38265540753310584
1,-0.0733735235385703,-0.9688443494209381
0,0.04115927083658985,-0.5144984979352512
0,0.10610240754560303,0.46647537857336147
0,-0.23121896960547816,0.44549538497701896
0,-0.14892010985941873,0.408845776164739
1,-0.7448375348514049,-0.5817252345729259
0,0.43721200581062347,0.14840488974417948
0,-0.5177706663626696,0.07586665846433394
0,-0.5230127935862792,0.1695777093400461
0,-0.44097372166179455,0.3108707900992487
0,0.28260207379033336,0.38941010574442203
0,-0.07356843080394083,0.4658165167991529
1,-0.21987230623884452,-0.950929019615432
0,0.4790171964840129,-0.0902571055623851
2,0.30127089809536267,0.9210091996591122
0,-0.5146719924547809,0.15301541911926078
0,-0.35112455229417333,0.3921877404278206
0,0.09734635652889206,-0.4654147496105194
2,0.39316826050239984,1.0053002335991663
0,-0.4308847319309569,-0.3097016956384915
0,0.2126522374624551,0.4925856224848061
1,-0.22884426867943797,-0.9514091343530339
2,0.6900522812319451,0.685131756043211
0,0.1568719615517543,-0.6467208514722955
1,0.3388237617588658,-1.0255554941283629
2,0.48187773935781203,0.8757369595919253
0,0.18699603726896175,-0.45934479191122785
2,0.9457148317295659,0.2949760681493073
2,0.006511703697984719,0.979141894416589
0,0.45189244587522187,0.21568158848841607
1,-0.8898248461803302,0.49891419952980165
2,0.9383787120005995,0.3903471022522282
2,0.8331027667818387,-0.5600633037420188
2,0.5725805383753731,-0.8400896474771636
0,0.14797752056966443,-0.4708534697771217
2,0.024052786615874705,0.9390959791731772
2,0.7855375406165876,-0.6505818225124034
1,-0.10265551411874374,1.0141715603969594
0,0.359566334798886,0.38114149701211175
1,-0.932335967270913,0.4385263788192128
2,0.43342952563972187,-0.824588355738822
0,0.4742410818854489,0.2920357242114183
0,0.5307654351672765,0.2195830186497681
1,-0.9014226926353556,0.5029297887683652
1,-0.8725054053595271,0.41993989333013537
1,-0.0328723597147556,-1.0911791382602003
1,-0.5863555900784759,0.8713543465948235
0,-0.48174831130614026,-0.16391632646489454
1,-0.9440692178188446,-0.09872235951090565
1,-1.0530088608293582,0.20947034626586486
0,0.14958519651078336,0.4323934272237384
1,-0.707469076915531,0.6971003837649171
0,-0.3375704959231761,0.3653373842134044
0,0.12208078767386686,-0.5264122859623113
0,-0.48260341603550344,0.1501122461074068
2,0.8733545647923903,0.5331114099800728
1,-0.23253438972297397,-0.9861083685897333
0,0.1250783939550109,0.4715858249888931
2,0.8561944284849777,-0.5729966110249545
1,-0.2610457026609194,-0.9360962500802499
0,0.4195176920690028,-0.2877909403737812
0,-0.40200232227025406,-0.3409795072368365
0,0.3006140803873873,0.40221719679579304
0,0.03727072939612924,0.47813712652937296
2,0.2809584483034228,0.9202601387179774
0,0.43603905226213896,0.15035401369484414
1,-0.8887015149881191,-0.4993415981781731
0,-0.5296232181257701,0.008881856778912386
2,0.8805899205099791,0.30535213036831294
0,0.47984887019263406,-0.24266702768661458
1,-0.7463423455479344,0.5178440270218958
1,-0.47461690803457024,0.8083709939451256
2,1.0094081558623704,-0.02748981660345503
1,0.27198763470919474,-0.9922382403909915
2,0.9710191690673718,0.15982383612635367
1,-0.6104208707457283,-0.8365166461183323
0,0.02325149077490133,-0.5218365052706484
0,0.5924285130358401,0.04439096086349221
2,0.9540885939492709,0.24959991796844172
0,0.4840712773864767,0.07335503249069981
1,-0.10690592591998946,0.9991172311917388
2,0.533014771516294,0.7585124206798644
2,0.9721503363799306,-0.3957099154571282
2,0.8970055608973886,-0.4876646863125578
2,0.4041343524735624,0.8787844895068951
1,0.3553338860630664,-0.9015715388091167
0,0.3132738351105538,0.34850632746963395
0,-0.5076664906892907,-0.27934086907714695
1,-0.44264656432851346,0.9705896522296651
2,0.9997639421448132,-0.382699838130273
1,0.017919286139465702,-0.9806189877305562
0,0.459243174453797,-0.06846959774378582
0,-0.4408938835037771,-0.030869243945083558
0,0.32357457337599194,0.39087443059711446
1,-0.19847578033407742,-1.0352190377400432
1,-0.38915520798735004,-0.9572076730001245
1,-0.3232332409366923,-0.9402388942997295
-1,0.8585730208058814,-0.16327394777161353
0,-0.42038734142390444,-0.3780315486727772
0,-0.4428559317267929,-0.3211392724519157
0,-0.5020329626792205,-0.042648514133017346
0,-0.431097679860498,0.3447721327256265
1,-0.6099656802485899,-0.7753144511358686
0,-0.5170687988294566,0.19936649601340742
0,0.5096163059309597,-0.18744444554307463
2,0.6893179120999288,0.8115604723087304
0,-0.49839622246976184,-0.1608018711164969
2,0.9395893528788282,-0.36092698743061624
1,-0.9351674979334763,-0.43893756617944785
2,0.8545115594568218,-0.42373720857418035
0,-0.4769494800565682,0.031056765934390843
1,0.3103483948596749,-0.8571169935993065
0,-0.07224498794356436,0.510690432857744
0,0.39917740269154145,-0.01829688267686652
0,0.553202537447951,0.17235922121427863
1,-0.7801819113448566,0.7939540858629143
0,-0.1835815189563305,0.42322813040873836
0,-0.5498467609882338,-0.04626748778176774
2,0.9679910904842428,0.22138270275936509
0,0.5451098529442183,-0.008080518984339478
0,-0.1805902243177134,-0.485332043611987
0,0.1903159753196969,-0.4524546851404642
0,0.08402929755797695,-0.519076330428598
0,-0.5295727496902256,-0.058931230086072636
2,0.513469639176844,-0.8782066980912481
2,0.9721792652501416,-0.4203833321447828
0,-0.4308254129741368,-0.07990674147861587
1,0.33941249337769885,-0.9931869297016906
0,-0.49963042060323337,0.1945137187390081
1,-0.5805107557703104,0.7795448951434523
2,0.03428803437412161,0.9374764314157464
0,-0.1938717629393431,0.44797457174071004
2,0.9231747954502503,-0.43049197271607104
1,-0.8402075180256521,-0.49847230130939923
1,-0.9523848385229012,-0.2517326977712346
2,0.10010083669362345,1.0582151774118622
1,0.027131618895298512,-0.932162450031844
2,0.8746205425621112,-0.32748912260393453
0,0.046808566064911135,0.4598336469969631
0,0.2870552750140631,-0.43333853159442276
0,-0.48561582210634413,-0.0989357822464188
0,0.19583874567439663,0.4696523722472906
0,-0.1157297034592305,-0.5031399007110261
0,-0.07451258398640073,-0.5560158766856538
2,0.8067396593486182,0.4315300727939664
2,0.7991320158995364,0.5563397174324776
2,0.2219680530738573,1.0566290823428257
1,-0.15367415712263494,-0.9663198985053912
2,0.6888869668112007,-0.639406523926989
2,0.7590326162162333,-0.5230770603558377
0,0.36252538143031127,-0.4166003638371282
1,-0.6865357270717024,0.6942399133896257
0,0.44745911484835243,-0.0917496367811328
2,0.3080570950301617,0.9808175234445929
2,0.7311965597661082,0.628233269570536
0,-0.039156023325475915,-0.4543292225919091
0,0.2520165357404389,-0.4709091870794013
0,0.5590721924905908,-0.025342125136218745
0,0.4503529337923323,0.03885854828337264
1,-0.7189147079634226,0.6283433682559224
0,-0.3780061963973832,-0.2565709790482263
2,0.6909275795078357,-0.6052431957225373
0,0.427617197424998,-0.17651130902179568
0,-0.3303801382251055,0.39642721794555924
0,0.44530951547792963,0.15443606096367357
2,0.3083280890907232,0.9666101248404554
1,-0.39117017892023337,-0.958331852626745
1,-0.48731391535613894,0.8449702551416518
0,-0.2782351938641992,-0.3630041215481496
1,-0.8660336117753452,0.5635894649273676
0,0.4044182747910129,-0.2825062090514027
1,-0.7589791335968608,-0.673167199381015
1,-0.5454251851042399,0.8293458017016905
0,-0.6191033224065117,-0.23993525761566953
0,0.46902372844530077,-0.13689603355775826
2,0.02335169111207506,1.0034843621193044
0,-0.000008001454080912296,0.5063343308762674
0,0.10690814486783426,-0.46030555722505073
0,0.4080082775567952,-0.1925398165564139
0,-0.05622645024074568,-0.5364947843808509
0,-0.007932795265979613,0.48298884612129034
0,0.19645510757858203,0.44987472543456064
0,0.3800451595222174,-0.27178308136355966
1,-0.9983264579299996,-0.39292353387541534
0,0.21518236560360238,-0.4293074260284452
2,0.4625534133293594,0.7887674104919165
0,-0.42796961561147673,-0.09511663868778278
-1,-0.8510924359829624,-0.2916988881833906
2,0.46979161584680895,0.7635215013001188
0,-0.5626049530965885,-0.28238935403748333
0,0.5390471676893958,0.22264786735049807
1,-0.7598346776882333,-0.5726026009650256
0,-0.47309579518115497,0.07826275845190764
2,1.0639097266649038,-0.10181575317304024
0,-0.5331911631004193,-0.19108501532110456
2,0.9594730368844364,-0.3452855293465847
0,0.07646346124782893,0.37270998442313313
1,-0.5261396832076589,-0.9038339727861895
1,-0.09513190450060066,1.0924665649627066
0,-0.3992444989886158,-0.08257675185824015
0,0.08566384845553593,0.5645816513733933
1,-0.0858887066167319,0.971153125112601
0,0.3657483502268832,-0.32176647247195106
0,0.5161520627373547,0.3160515909069767
0,-0.10135963266892478,0.5123288271050742
0,-0.4654777704234882,0.08516320713785264
2,0.8134436816122725,-0.576858291775486
2,0.9548308773157551,0.328290330112077
0,0.42628672365192966,-0.28551142933398727
0,-0.22413365992857678,-0.3676568072337548
1,-0.8565184454414954,0.4332396964522246
2,0.21058320992708188,0.8896700144573532
0,0.2613063322305453,-0.41263689235153506
2,0.7087694497101479,-0.7009110549661032
0,-0.4832461336821113,0.0927899587854971
0,-0.5611352667066768,0.157375148840374
1,-0.6732927925952732,-0.6491090425512468
0,0.1357875659237928,-0.48945017456366036
1,0.355827339398603,-1.0557794929456163
2,1.0641650712060546,-0.09160464625946593
1,-0.36227113828248725,1.0590872554900783
-1,-0.8247714158401919,-0.3146298466682452
0,-0.10265320152564705,-0.5514266726189442
0,-0.3977475309368824,0.2918898110241708
2,0.16532744439551494,0.9462332873230526
0,0.020650388857106152,0.3697049972221824
0,0.17322096013220678,-0.4016489461408697
1,-0.8380539891336027,0.6453695817788278
2,0.987231037436774,0.21512563294210865
1,-0.4772105363391401,-0.8535457815462312
0,0.25478199400795803,0.37688972966690576
0,0.19138597708474187,-0.4464157440779214
0,-0.2786468290959658,-0.40077919150993196
1,-0.9826406822661886,0.20779021144671259
-1,-0.3734126646876706,-1.0524691046646333
0,-0.33778540226700793,0.40539711122416827
0,-0.46869397619388703,0.13859419090390018
0,0.3119987402714476,0.359917206840866
-1,0.882508231266933,0.6664119749980897
2,0.9308492465014561,0.25954279166925653
2,0.7650217214362242,-0.5920854077575253
0,-0.01873371007960964,-0.39153508079183075
2,0.9737949344763623,0.07764191556567335
0,0.4834224095851607,-0.15400739596478735
0,0.3852658353144819,0.1351690166462833
1,-0.09398897400440093,-0.9928474771893577
0,-0.35806506422418793,0.2847842917422092
0,0.29037333124613945,-0.3940927766065231
0,-0.36710249694616714,0.3533945286193647
0,-0.17815330521406866,0.48547620829028176
0,0.5037410869477076,0.13908429710281167
0,0.47899816008441376,-0.04999723361241971
1,-0.0726442642234226,0.9046501575402639
2,0.6153049658739189,0.7932028044094103
2,0.9652236014902507,0.20924594884702405
1,-0.9434954540117642,0.35152175793342666
0,-0.5375100233485508,0.09668651572259589
0,0.365258339138562,0.3790811896344518
1,-0.7424170124942737,-0.6035131191361466
2,0.47210989450086704,0.941214341918615
0,-0.259859546630449,0.46876631997628826
1,-0.8341810882748317,-0.49661815020038436
0,0.01710632349039521,-0.5625363742523568
0,0.49049585125306644,-0.030215010848766686
0,0.20150104247805428,0.38653853405609445
1,-0.07628904726495045,-0.9473360817085811
0,0.12305527980377723,0.5200867679084307
0,0.5651661921971435,-0.09279435927210866
1,0.030859142795525523,-0.9565514739534883
1,-0.9201998584108474,0.39492526793048016
0,0.41652670018100624,0.2697181204533082
1,-0.6777615080517221,0.7308459504279001
2,1.0179376967034237,-0.006201343562134379
0,-0.44715769224091717,0.12928458230649723
0,-0.3837942589259026,-0.3157501969004639
0,-0.5231645808787587,-0.09783219902558239
1,-0.045197544278131434,-0.9258813388408218
0,0.22166502407965247,-0.36524501526241027
0,0.20783358794087753,-0.5266899788805398
0,-0.5144934853392765,-0.3175983309704773
2,1.0057311399529212,-0.21184149421200982
2,0.21482494790305598,0.9292529755585699
0,0.28244967950323163,-0.40415469385498987
0,-0.02730781509508562,-0.43316552488866017
0,0.3137888436296483,-0.42864348822879933
1,-0.9139814610450223,0.2789478209151322
0,0.4225573043649801,-0.27671741841765957
1,-0.03694649525234363,-1.007323740450504
0,-0.08603430949085893,-0.41483167705477403
1,0.1443294012912279,-0.9746938084114811
0,-0.4465848451554895,0.2818402928206768
2,0.5470241882605065,-0.8018181718544239
1,0.08433889497842736,-0.996998341879878
0,0.44407286739243235,0.09501302906413148
0,0.47475337999583644,0.11950792198447506
0,0.11079183114649518,0.435052200327372
2,0.6910790321936273,-0.7547593953661909
0,0.5035366932730029,-0.007317880521111528
2,0.9877100133357232,0.049041421965888614
0,0.2571590620000021,0.4908887857621035
1,-0.5988710250569729,0.905400585471511
2,0.9535250689548636,0.20439779417174592
0,-0.44230971030960486,-0.25565888988741675
1,-1.0607724969321164,-0.1660117646579896
0,-0.06050472003099041,-0.49581512294241703
0,-0.007633789736025767,0.4061062530063714
2,0.8129789803140048,-0.589661200880939
0,-0.4707487946383112,-0.02995338190545709
0,-0.07947474637537856,-0.48489904655673843
0,0.17197360972901876,0.3924100539353317
0,0.35360845648863315,-0.40827817015313744
0,-0.02878760270043039,-0.40912738122305875
2,0.8756178704617879,-0.5734528366534564
0,0.40535142997532375,0.34446190860613685
1,0.19817403169130354,-0.9738470182851953
0,-0.16342809918742288,-0.4686336995043442
0,0.4711526064473783,0.21408317229112725
0,-0.06665974196625496,0.394816042996161
0,-0.15479495186977493,0.4576937233819148
1,-0.9626357977547132,-0.3367318359611139
0,0.3509861565132324,-0.29990630188693224
2,0.5954397358495529,-0.7146282960668895
2,0.9145383621659469,-0.37954855323944636
0,-0.4332095994311882,0.17549227156577962
0,-0.15495804931464424,0.4240782116419064
2,0.7473985417254563,0.6763207896258598
2,0.6641975060458097,0.7546138005930083
1,-0.7198762344271782,-0.6215453691655741
1,-0.2782828808269243,0.985659841633053
0,-0.32082315427189434,-0.44301956004924753
0,0.2553513015644376,0.43967715283227843
1,-0.1357199223709804,-0.9472676317269075
2,0.3055926816897408,0.8741272085630556
0,0.5045179653506279,0.3002697441220954
0,0.12971224495322767,-0.5799932615925492
2,1.032389548633069,0.0341793424934818
2,0.8806659162944773,0.5196568405713275
0,0.10339143701028233,0.4362795464346748
1,-0.5079488732847082,0.7903709178726985
0,-0.23708821579797407,-0.5226888501226004
0,-0.16990188866912043,0.5085157979060306
0,0.5355606399088715,0.050881875045813124
0,0.41783547803355797,0.31048638940168605
2,0.9009830331951106,-0.25388738194286786
1,-0.45332896009340123,0.9589963553801704
1,0.3430934602627052,-0.9141997987133986
0,-0.1635481296643968,0.4194814835803342
1,-0.11888654217138986,0.9600513291904403
0,0.4341261719614233,-0.3105022416599019
0,-0.35839563414869186,-0.04371913244851172
1,-0.7384571220077802,0.7029473980770943
1,-0.8378379292383755,0.4121812052642495
1,-0.7182957760416233,0.7489008910452659
1,0.0526154940438503,-0.9527531491115268
1,-0.3147234437274887,0.9815422117067846
1,-0.5748625587260853,-0.8888176758760419
0,0.08036189545427523,-0.44860478240112933
2,0.7733985631519287,-0.569884252337092
0,-0.39470906799752364,0.26814636751762916
0,0.49666075014489314,0.1724141840300802
0,0.48792595859877896,-0.16275528341073073
1,-1.0542579226993203,0.17056740781173774
0,0.02325331979925964,-0.4429609661130371
2,0.8483240305828418,0.45708797953184
1,0.13601270043034047,-0.9654574195438616
0,0.3518047166624342,0.4149201427636
0,-0.23517522567870308,-0.535510231640201
2,0.5778716226546362,0.8511905200611547
0,-0.04649811503306284,0.41916723608569467
0,-0.10790535389402059,0.5157416735192392
0,0.33028629071367277,0.4413268621517855
0,0.49298212603673375,0.036448469022727116
0,0.26470828241151734,-0.41500717698778494
0,0.33322602636742515,0.48825255404303936
2,0.6867576852969315,-0.6412393452707497
1,-0.5653697694954114,-0.7582368872569993
0,-0.2996875529020951,-0.4148018117049777
0,-0.438502259245552,0.27349855160429537
1,-0.22922850100740272,-1.0267396379318696
0,-0.08838607520257208,0.4685027150641256
1,-0.08576450446114862,-0.9931533309056516
1,-0.6688994469994484,-0.7233706485511582
0,-0.14523432320268836,-0.4948998171317564
0,0.27234889529871986,0.4336849565296398
2,0.5395588892787682,-0.8267226038787008
0,-0.4608795232465534,-0.19116451332431747
2,0.9290195293725286,0.40601163102781423
1,-0.9802959497369746,-0.09085629713080925
2,0.8044543153230842,-0.7027198088232632
0,0.3534366480992799,0.4227390521101749
0,0.5438429483251545,0.11471957427530688
0,0.10092169110400936,-0.5922628405395404
0,-0.23947614855626337,0.3862174863851335
2,0.8438757125693193,0.40318690254439593
0,-0.12783774695845782,0.5335833181850679
1,-0.09471659067295535,0.9867569987138247
1,-0.5330012206117023,0.7180960253479004
1,-0.9881965173113185,0.14743244521716065
0,0.26615415661266295,0.39143368028875225
0,0.2000901732727601,-0.47271980115958045
0,0.3421297689462178,0.11789995288525187
0,0.4514634442201436,0.3508944390455482
1,-0.825296830373709,-0.6210225129105922
0,-0.5295564481014546,0.052485882863150306
0,-0.41034932266830704,-0.19371687236669666
0,0.4066559280203189,0.37635324474007575
2,0.9225960951306005,0.46569247330332947
1,-0.4193508739168672,-0.905407933527919
2,0.935728439364105,0.24800560428231572
0,0.008049820297853089,0.4833611783015078
0,0.47299695624664806,-0.07024208999595918
1,-0.9228515238907482,-0.38345279266972015
2,0.540079985130163,-0.7671881460370377
0,0.30186240562390343,-0.47773419409690615
0,0.5398853487043275,0.0016961267729935139
0,0.44780991230595907,0.024315350750022807
0,-0.523119848811106,0.07099898216066433
0,-0.3856747734073033,0.33226081282198355
0,-0.43551361284733614,0.26402237751802465
1,-0.7077256377168314,-0.691825430965052
2,0.4435549576224579,-0.8759950225159996
2,1.0535082000191025,0.04799977045077965
0,-0.14741281469010298,0.4868728990285317
2,0.1605808003735711,0.9561589577601839
0,-0.17424291371944223,0.3668539755501703
0,-0.5578656030498373,0.06825388682866167
1,-0.7461700782124623,-0.5235080077381324
2,0.8709419912401463,-0.4828072394390506
0,0.4158632253731301,0.3655501911417765
0,-0.24960561845469353,0.4535222820823636
0,0.4558393268040448,0.0025914134934007377
1,0.2634273948524378,-1.0112785834567097
0,-0.20452677354783746,0.48750086930972913
0,0.4994365590728219,-0.174272385935194
2,0.802460814681765,0.5516352434647375
0,-0.1266272991258689,0.45283104929793555
1,-0.5401606684004252,0.8736919273541404
2,1.0812084982877406,0.0179799847954084
1,-1.0014680715094784,-0.1657403018185814
1,-0.3818959666889181,0.9403741978874692
0,-0.19512025338671446,-0.42276047331849054
1,-0.9466122119725724,-0.3743968172060355
2,0.008010028057400018,0.9413230605992615
2,0.0829191241075794,0.9889627259719266
0,0.004572350128450697,-0.32419617833177106
1,-0.4663677331933075,0.9219763713201995
0,0.3821028951844534,-0.3163866744652923
0,-0.0862791708608009,0.41957182084031563
1,-0.9899724893252924,0.07007123250172974
0,-0.4441093556454429,0.21374264383711117
0,-0.4620931882120403,-0.3391814262362754
1,-0.5970468166066414,-0.8574099325674205
0,-0.287248912816226,-0.28582952738147416
0,-0.3894652672892714,0.2793041649693324
1,-0.7613884546213029,0.622862250575759
2,0.3679609759109946,0.9725201228784137
0,0.17103060594147051,0.38699141262851905
1,-0.6659295611229182,0.8997614251450997
1,-1.0417064744785707,-0.2301162693870038
2,0.538088339024757,0.8692562326323374
1,0.3287172891048509,-0.9428002140397714
2,0.51462464342276,0.9263618684230693
0,0.17155718569280357,-0.4871872127367234
0,-0.18581802597246777,-0.45121654958753254
0,-0.3980524106647488,-0.23606857377621066
2,1.0509507306601436,-0.27178153690948004
0,-0.046131912595068804,0.5425105523652808
0,-0.05603734337116291,0.42574570329134725
1,-0.4313559804419578,-0.8599088794715101
1,0.0052560564239078345,-1.0740230777921718
0,-0.3285301991511091,0.29353929254841304
0,-0.38735603148743425,-0.2872904820718049
0,-0.3213940929861703,-0.2691969631990488
0,-0.22276744864696002,-0.522214028598587
2,0.8863936303107396,0.4681089026259093
0,0.21077751880312373,0.4697952023659105
0,0.27004350590362547,-0.42513503188686513
1,-0.09652613585890626,-1.0617649794090838
0,-0.5208724575559638,0.1882153840362664
1,-0.8503082244654323,-0.4857989580450234
2,0.2707738931167596,0.9490613489257267
0,-0.4549309435232901,0.24291448721147557
0,0.14570398597131412,-0.4699769978090018
2,0.4558559546305366,-0.9388913056401726
1,-0.5868416321047886,0.7317924944142611
1,0.19017181973036834,-1.0305046500949293
0,-0.36071572098935817,-0.311724234494684
2,0.6484316667970126,-0.7095465701963201
0,0.4746907741864869,0.08456535830400759
2,0.8586203883518679,0.09071758484792392
2,0.47309911057579923,-0.9100118201598052
0,-0.19368781267911317,-0.5166821036550802
1,-0.26915615934770204,1.0443549625514594
0,0.16871079959187277,-0.47478763079515307
1,-0.5655261680179893,-0.7168486413853014
1,-0.3062422670863914,0.9562456260253515
1,-0.7960980677796943,0.7242691920624409
0,0.14176502833405602,-0.4776395685606406
0,0.036064867046868794,-0.5029895590397659
0,0.5671332069702134,0.06958230329166418
0,-0.26326351680187,-0.38500975283836125
2,0.8790145327533514,0.4631038167311468
0,-0.49345250351082415,0.12843559609665414
0,-0.4020301532920516,-0.3312593791736134
2,0.6292696089655514,0.7704642775121229
2,0.8201113847295217,0.48532572175037175
1,-0.9173917060241774,-0.05452580277559753
0,0.2711455337888589,0.36682860561045266
0,-0.09370130333268115,-0.3971088254849898
1,-0.3548376225083858,0.9296741086495082
1,-0.5231793506439381,0.832106017112566
0,0.4443005300900632,0.2642803525589565
2,0.9642208622859271,-0.0017025582978468234
1,-0.8431433536238583,-0.47002629959233694
0,-0.5484204702154037,-0.0033154816524943523
1,-0.5327864174612891,0.8438350321707159
0,-0.5690051267414525,-0.206470429287074
1,-0.7818904535038279,-0.6686892205887855
1,-0.9760034666302007,0.11348781267194044
2,0.28666535075772115,1.0035698382377283
1,-0.23353603986182414,-0.9718244141815353
1,-0.9896105384908883,-0.15368988068702938
0,0.4747247245592158,-0.21708582416782612
2,1.0993521745135904,-0.23830073101556992
0,0.22747493061104584,0.33220465368009905
2,0.5489581279243537,0.867936972889982
2,0.6010258603472376,-0.7763159293474118
-1,-0.2130324455496946,0.9451034598855624
2,0.46411852907184553,0.8153543204403426
0,0.23996913250147245,-0.38536313902367453
2,0.826706728773508,-0.507419596743705
0,-0.24568740971650427,-0.49320813451419976
2,0.7322477015239723,0.6117374963085424
0,-0.20131182738559222,-0.5149344959595732
0,0.014553298236626142,0.48454292072436844
2,0.020778308767407196,0.9859168866522103
1,-1.0076919325489224,0.28943636005591444
0,-0.09503151714205499,0.4683639370700778
1,-1.0404355512358545,0.07060178381498894
0,-0.4634716380449165,0.2080140239019032
1,-0.451970392240182,0.8403675600847299
0,0.07975688075685196,-0.4422744834237475
0,-0.47856922764332194,-0.051820069765156566
0,0.08628745757887832,0.5710253339680496
2,0.18417222299861716,1.0204802254478456
0,0.4562609336038408,0.06115660922981476
1,-1.0026000864743547,0.38279951546548924
1,-0.7440283359631543,0.6668968179825516
0,-0.42869925529869235,-0.31165449778964194
0,-0.12945241027354987,-0.48729444236341923
0,0.42674928562026265,0.22905288316212258
1,-0.35849476051651763,1.0222834755970758
0,-0.3715862527823995,-0.28793151844840015
2,0.9538034346199717,0.08305643124950053
0,0.5332910615840868,0.028095037699134497
1,-0.9138554641650073,-0.4155976150814183
0,0.2143570404611885,-0.4225923903836612
1,-0.9304556731096276,0.3958045985918095
0,0.5176013378000692,-0.14834834232247632
0,0.34657504561520003,0.3593351702052166
0,-0.45955425438168307,-0.14655559116014538
0,-0.007813757917889318,0.4439399173661683
0,-0.3146109257671092,0.354173853412873
0,0.49875486596823354,-0.02288655057310899
1,-0.8037548649611438,0.5871907644644682
2,0.2926934702595394,1.0515673473306304
0,0.52269808284735,-0.1449795201290982
0,0.3610804835594876,0.46663543145554104
1,0.3074003536888727,-1.056438519235384
1,-0.9853709193299163,-0.3028751779892382
2,1.0230879603517382,0.02073898278506008
2,0.8164590371193285,-0.5769747009681058
0,0.3295733509001888,-0.3109538890972954
1,-0.4185902246580417,-0.968671609681362
1,-0.6455055580891911,0.7498519365352335
1,-0.9738699283271509,0.48430318376379655
1,-0.3854562200026584,-0.8934328133885391
0,0.39164573699607874,0.23372382060980304
1,-0.29135060864292667,1.0284993272705454
0,-0.12430070160413594,-0.5172408202382526
0,-0.37191458500870517,-0.3357693137170791
2,1.003196308655643,-0.19200777127563715
1,-0.909907768805629,0.45801721138100127
2,0.8602685847679166,-0.41778443664774945
1,-1.0295907324193936,-0.18968595580779207
0,0.4683164919166223,0.2565248963344954
2,0.5973161230436869,0.7892421312564517
0,0.5909322875953741,0.1732570457077579
0,-0.21565295500814485,0.38512863383798784
2,0.982284881568985,0.334845733019807
2,0.8004732381157365,0.6029976163189814
-1,-1.1257392085832467,0.043950512941973226
2,0.7129787274859091,0.6858623041099603
0,-0.5628327844374904,0.125118617837058
1,-0.3722019687075387,1.030252039537145
0,-0.5912983842203698,0.08544693046195584
1,-1.044455048542136,-0.14745908589573892
0,0.48191900175672986,0.036661501744450625
0,-0.04164470554630546,-0.40988855884977654
1,-1.015013615056597,0.02343031350794505
2,0.7833456112718928,0.6706969958866278
0,0.4287608337916295,0.14108788007857148
1,0.2562608749024534,-0.9046694135080245
0,0.21221707385535035,0.41874491131274794
1,-0.993827235646346,-0.35901027814896136
0,-0.384481388633707,-0.3957276985423604
0,-0.4406044106049025,-0.26478905267989217
2,1.0087862317347205,-0.15893873364559713
1,0.3788505945475349,-0.9629832555470935
2,0.6677858807119063,0.7832703558675159
0,-0.39193608813148834,0.3193703299697698
1,-0.8415851489127463,-0.40008755167423554
1,-0.9348597769183115,0.22452319939030374
0,0.47197884993432476,-0.1860947280360914
0,0.11940762820846576,0.5085481917938451
1,-0.06899656123936655,0.9798197592191807
1,0.1585099215952016,-0.9937071929490612
2,0.7958984146219857,0.5388183849767267
0,0.47131483520620987,0.13349843140811307
0,-0.23411280700292733,0.5022479949116588
1,-0.9877401946345783,-0.011092974709690583
0,0.34589382903736887,-0.2684248967145152
2,0.715933207901062,0.560788756556247
0,-0.35386272653832157,0.3114431374717115
-1,0.9474666894282691,-0.10066241335114302
0,-0.3945300881308314,0.2897053769305233
1,-0.12525597809131983,1.0187912813788234
0,0.4427327383645997,0.35354184588271936
2,0.9524662826653049,0.28752296451073084
2,0.3319649524453856,0.9843804738379556
0,0.07270114691212326,0.5359234063824574
0,0.16607155299781753,-0.5273748334763354
1,-0.8311412432009828,0.4102729586675175
0,0.38335964373393416,0.19203814068693542
1,-1.017273267725006,-0.06937646993135117
1,-0.9840286494901397,0.14407576627273264
0,-0.5432834615006258,0.066155295390436
2,0.9960484146471312,-0.3038252052236695
2,0.25750850669615294,0.989955146367275
0,-0.24877852003628098,0.4615380972289054
0,0.18876079749884586,-0.46388794800076644
2,0.5118798917880338,0.8807016866952448
2,0.9276896457140638,-0.3522648660655546
0,0.47432352206976397,-0.0055334287543643
0,-0.34357865632668444,0.3275529956779403
0,0.4055475976840388,-0.13498062753213583
1,-0.7360234997485685,-0.7204136952368998
0,0.5174241348829811,-0.1662319483226192
2,0.7193272207707909,-0.6242286941266467
0,-0.46801809284831136,0.22218668760224544
0,0.21432781541024593,0.5136038774190813
2,0.6755205858270557,-0.7749426672222838
0,0.44494592743310607,0.05560950821178931
0,0.49479035141673233,-0.005892280812355828
0,0.5756233009702172,0.1329063011299369
1,-1.0007695184122625,-0.25804374909410965
2,0.21957550124262748,0.9653288797585138
2,0.8644602549051592,-0.4637908634254221
0,0.5043875626405055,-0.043432273859825433
1,0.02967358786237196,-0.9946383438515786
2,0.9852918169413865,0.2118980875384843
-1,-0.2138512206272814,0.9401857508549614
2,0.7322029168890357,-0.5984595840214277
0,0.3199272595346068,-0.4031776773425867
0,-0.39611019522856156,-0.35242193450206966
1,-0.29060677878825536,-1.017318549178286
1,-0.09548941029581676,-1.0816840582062803
1,-0.5496769451730851,-0.898214886452518
-1,0.7103501313953382,0.8933142254880291
0,-0.22535309692765393,0.44158528352459175
0,-0.39410782007664724,-0.2959776258383027
0,0.4847054943254526,-0.21252892556903422
1,-0.9738199287263803,0.055695324898907037
0,-0.25971563290984345,-0.47553661046488
0,0.15403008948141403,0.5859683025135832
0,-0.2791586665019004,0.4468814977543847
0,0.47853228442933554,-0.26231773195959945
2,0.8689990969790751,0.3063532678837119
2,1.0755725973651356,0.11142610743450516
2,0.694650190366799,-0.6344076253566434
1,-0.6491159854069336,-0.7908583697928401
0,-0.14408813606763837,0.5178369324624739
0,-0.5654893907510621,0.02240492095322172
1,-0.6527803512265941,0.744248313813705
0,-0.522826751832292,0.0487669277783864
0,0.19521972233039359,-0.49390220648860883
0,-0.4879792479453703,-0.14743002527685184
1,-0.9342916304632578,-0.2800822796127574
0,-0.05150295592841673,-0.5389346539086501
0,-0.32999365261016445,-0.3711062613285805
0,-0.4531016894779963,0.06845700081232611
0,-0.22721342573943612,-0.3549234955775245
1,-0.5764573993332307,0.7316206712155457
0,0.2872953544798259,0.3503856237672379
0,0.39721011052468985,0.3514070342084093
0,-0.3090042047199342,0.37088231451540177
0,-0.06531085905230083,0.43768408846012363
0,-0.4828388248141084,0.23503488929114708
0,-0.23489343380754732,0.5458975979541861
1,-0.966252526941005,0.5291879553350836
1,-0.848131510334478,0.4693103222077981
1,-0.997989806351337,-0.23235456692163767
2,0.9832567337513791,0.4144876115291005
1,-0.7329273586965043,-0.5799386387880866
0,-0.49824397429326545,-0.12795717872072818
2,0.9891304119359787,0.3639233934080512
0,0.02931672170983724,0.5365296940806004
0,-0.5141959776217636,-0.04626955540583952
2,0.4745828380736648,0.8399073686771575
2,0.9541997251033122,-0.2402037561980116
0,-0.40712774223806303,-0.10997728028932247
1,-0.9215513543196027,-0.3460466276295861
2,1.0404401902511413,-0.006811643216898185
1,-0.2799744328740621,-0.858340670633395
1,-0.9982390031448212,-0.29563964267093734
2,0.7997789160574612,0.4822447849587062
0,-0.41622880174318994,0.3648147943434538
0,0.27829413064941955,-0.38320340017938037
1,-0.758842987352516,0.5999994287379871
0,-0.3820741076800386,-0.12454270282381563
0,0.2531675911439492,0.4781525768851931
0,-0.21560238856334438,0.5030835065426816
-1,-0.4533672629960796,-0.7540507641528795
0,-0.5046659933515552,-0.31354191387911795
1,0.2041788155298625,-0.9566173747278185
2,0.11907361727937807,1.0356249094819394
0,0.429025640759231,-0.19647396056770827
1,-0.8921478911712837,0.31436560227973953
0,0.4266659859867924,-0.3637185167630974
2,0.6522584408635902,-0.7703707549195872
2,0.8315488994279872,0.5460842466449175
0,0.19377465731447208,0.5142273053106744
0,-0.022159860016661304,-0.4562059341362905
2,0.44262850249595465,0.858758780956897
0,-0.35998152419631413,0.3895274814227432
0,-0.0895592793365362,0.45038762006542854
2,0.934802729700267,0.43295362294798484
0,-0.5224375236235296,0.07825526066201403
1,-0.9980576660191388,-0.009358843341557153
1,-0.6433411260325026,-0.704482460138123
2,1.0509910750251747,-0.205991184162767
2,0.9429030375854869,0.13288282415675937
0,-0.0018362322370562845,-0.46430281356823666
0,-0.175888557573686,0.46611303089039513
2,0.11555390619444561,0.9255264172343893
0,-0.18148913738717887,-0.5105938141728038
0,0.14359756660997308,0.43399111283178726
1,-0.7774847959443617,0.5723770535160808
0,-0.2864162061805492,-0.4330553164149136
2,0.49712678855736353,-0.7139102568665718
1,-0.9265896915823694,-0.3183294098080121
2,0.4411534899131573,-0.8605743016069418
1,-0.9975180997317378,-0.08904086682208859
0,0.3693099044013967,-0.41275417401373726
0,-0.472829177748114,-0.12184341299325527
1,-1.0268870325862598,-0.04891478262243586
-1,-0.2030860683253169,0.8996838309949423
2,0.14245749664537044,0.9513974373340753
1,-0.4742402133959117,-0.8877393176536083
1,-0.7758678745247379,0.6525516892980507
1,-0.8669822803142474,-0.44151830650884766
1,-0.19609352640776967,-0.9583539442344771
0,-0.43904589872652183,0.28842668388443377
1,-0.581618227563566,0.8283661455977303
1,-0.9451972298642985,0.4157043549447035
0,-0.23326207326792722,-0.506310794113183
1,-0.47890328512020364,0.9549635910490581
2,0.9646682945526927,-0.2921397843061913
0,-0.3460236356844726,-0.28539488236689947
0,-0.48332121486890145,0.07827706651368263
0,0.5138093732288038,-0.004738908197845337
0,-0.4444069912136912,0.03719375763426091
1,-0.30484183210390803,-0.9165986824676513
1,-0.4871615889606329,0.9031465134985007
0,-0.4395259448437506,-0.23446771200495717
1,-0.7700670673467174,-0.8009413356917663
1,-0.9411277262599089,-0.24831360825600576
1,-0.713188103272544,-0.584061781427789
0,-0.3881554118726066,-0.08145966525621931
1,-0.09378441026074574,1.0747631495632335
0,-0.427374003676079,-0.22723692848298385
2,0.07056859052918366,0.9300930021898196
0,-0.4570512062956856,-0.061952640726657085
0,-0.3081900522847869,-0.4876372423393014
1,-0.3049017274397696,-0.8758416443711752
1,-0.3001506931580005,-0.9885481320576547
0,0.2213890325602019,-0.419766303202485
1,-1.0117231301929628,-0.14343081729571808
0,0.1060151377499258,0.4700412288697321
1,-0.13623761909377852,-1.0037329086390179
0,-0.1653536755838566,-0.47742091902725964
2,0.4990992013831999,-0.8378947047262355
2,0.5988097238162766,-0.838670055333223
0,-0.4700399555988794,0.18229505048268552
0,0.2607580898110009,-0.42312721470455106
1,-0.40262516859728736,-0.8967891343571228
0,-0.43628573971738616,-0.273263722599549
0,0.524870054754512,-0.041566545178032696
0,-0.17725325219779703,0.41904336456590374
0,-0.07566888454901427,-0.4728239740084901
0,0.49774912592515475,0.15926430115320142
1,0.2014301628113039,-1.0501560212699805
2,0.8783977547342801,0.018333885002505795
-1,-0.6767666301786387,0.825288961944398
0,-0.3596044585955842,-0.15603133850434187
2,0.8391946331307192,-0.405462766526086
1,-0.9579891902663784,0.18192973089434342
1,-0.309302756129159,-0.9608006914027792
0,0.48642883631160977,-0.3230580590597125
0,0.41917086699850126,-0.2931719869075546
0,-0.06325113337045801,0.5494289234649689
0,0.37878510934363696,0.39086775024370113
1,-0.7585487973267132,-0.6785147676752477
1,0.12135227548458989,-1.0258408940443646
2,0.43593818639884174,0.8709152690707677
0,-0.21476337932681513,-0.41994177520567355
2,0.741367010814823,-0.771978358501021
0,-0.4285942803653897,0.23378845394930636
1,-0.6793698653475704,-0.7504478197804452
2,1.0270791212490065,-0.11305766105475373
1,-0.8836496467492665,-0.6412596464075729
0,-0.25620765969699816,0.4969541845392379
2,0.9308240391850278,-0.4125082785481443
1,-0.903055688750431,0.4375120558715427
0,0.5366033333323115,-0.2278234119070555
2,1.0513675610435873,-0.0856909893981127
1,-0.7261111368934012,-0.4899966723524339
2,1.0218023235555664,-0.07647649995799696
2,0.7575267018728756,0.5859021479953889
1,-1.012156872151602,0.2664454488227469
1,-0.9712037433589656,0.35553385056725406
0,-0.5352352368213927,-0.2740912566278056
0,-0.05112296892247848,0.5079362145052094
0,0.3574799390794591,-0.3123768131617506
1,-0.8074223264269025,-0.6509751055869816
0,0.3392389798476718,0.2628621092119123
0,-0.030050497233561325,-0.5946761274483615
0,-0.32617200972867716,0.331214559283532
0,-0.2542051257514939,0.40579340429471333
0,0.33941883109097,-0.2932869795569633
0,-0.034867511266410536,-0.44546448726850035
-1,-0.9516210973158172,-0.5587667077737194
2,0.638827953619828,0.6898432469314965
0,0.3941990961022366,0.338682010025161
0,0.14818219708680286,0.43419714153458794
0,-0.173451857539779,-0.4449333017116168
1,-0.017140490894110894,-0.9522933597231387
1,-0.7372948120329079,-0.7638722861232088
0,-0.422130205293882,0.06824880424380139
2,0.7647721695368238,-0.6479186563363021
1,-0.8800466694838582,0.5747128451450654
1,0.3592551074731975,-0.9274272129360204
1,-0.3734712504925897,-0.9597445595403644
0,0.4176426916557073,-0.26183852249491557
0,-0.014901499287734987,0.5158286854440333
0,-0.5044119162239725,-0.042815859513966256
0,0.4249591878002774,-0.24769479508653813
2,0.6153328753094344,-0.7490396997287249
1,-0.8108251258592032,-0.4942252928320867
1,-0.8048041931487764,0.5247224770214854
1,-0.5459901210576805,0.7565169362254085
0,-0.029164822592787784,0.3820391189175152
0,0.4360466624875406,0.22176450042547471
0,0.4360165055537175,0.33556029898980516
0,-0.4361527096161321,-0.3698256817435113
0,-0.04090628991517321,-0.4995457897670949
1,-0.39787760917741116,-0.8417690698432992
0,-0.4272377539307414,0.37127621812256506
0,-0.39388995284626477,0.30063713454590757
0,-0.40640294079700917,0.05762996518759812
1,-0.9212570813947826,0.3694917760314559
2,0.3344239592969033,0.8988282222284731
1,-0.8585142331185146,-0.4911111743914696
1,-0.4996204547262091,0.8719799831402942
2,1.010440082610713,-0.27367037044387293
1,-1.070392511508437,0.19994585932189077
0,-0.09711648953313369,-0.45976914260362417
0,-0.5402365587407398,-0.1246412464557215
0,0.3466082083834172,0.37875522333855094
2,1.0532740613902793,-0.06224966360287228
1,-0.9835440449243213,0.12423124762049609
0,0.4160030753118872,-0.29357316325717314
2,0.3144277145097652,0.9357976231347356
2,0.9013233928809674,-0.33627684649764095
2,1.0057802218814562,-0.02633786312465182
1,-0.640319104252243,-0.7977779792568174
0,0.5055327429706221,-0.2506048323988129
1,-0.9659088937205842,0.2294533929204648
2,0.5548839660064646,-0.7699698086044198
1,-0.31219443284732173,0.9751593829373449
0,0.5314123330612754,-0.1497610730230496
2,1.0274832183774862,-0.006535700051460619
0,0.4989006789861783,-0.24338452124523213
0,0.15734339489608243,-0.5340880578605371
2,0.5023253824876688,-0.8041512973925762
0,-0.3729362709041798,0.40180596165710636
2,0.44840116818553283,0.7417041088475733
0,-0.05311628458888769,0.5714759377133883
2,0.9368272453236783,-0.22765013620054708
-1,-0.1033883350999032,-0.7834014327431919
1,0.20792580957770504,-1.0325504444980564
0,-0.5000166907853557,-0.2060751348166018
2,0.8070980453544027,0.5799862810893418
1,-0.508828575013117,-0.8262961538831285
2,0.03503123713900056,1.0316877527015607
0,0.08703642790522834,-0.5044150450784975
0,0.17962688906831184,-0.54557060309335
0,-0.22993872269275573,0.3898522603249236
1,-0.7755948070189176,-0.6219728397099844
1,-0.7026492999969486,-0.6132108498650899
0,-0.5041944863743613,0.10475026014137725
0,0.1142526390800081,0.5253203337424986
1,0.35899436795021133,-0.9670404568485389
1,-0.9153026556452656,0.06227605690237899
0,-0.5726927287043632,-0.10749353263069993
0,0.4367648293314632,-0.27296867578563
2,0.6109705114363766,0.6972700401874926
0,-0.4015381408539644,-0.4352483424685851
0,0.46827114659173785,0.22482169827285678
-1,-1.1495674383867103,-0.02779373184796323
0,-0.3699052718918991,-0.4057173470835347
1,-0.961024360975498,0.187652912412796
0,0.3192816559254471,0.35546451846554344
0,0.09791482518556825,-0.5906926921749063
1,0.35098266768932285,-0.9428026009118368
0,0.34066792019605924,-0.270393537839317
0,0.5070624124295153,-0.07636500361170606
0,-0.1952792922097959,-0.4339013557516314
0,-0.20838112522004537,-0.5400881652404461
1,-0.16140654860226317,1.0389792002187397
2,0.8614370230876395,-0.31743203764138317
2,0.9583550070887755,0.1702940977231389
1,-1.013227050479476,-0.1399257050353651
0,-0.1957618075563991,-0.48501942089832806
2,0.7485492939498236,0.6625458481771813
0,-0.16038896165577693,-0.3977797624946531
0,0.5454640971102988,-0.0056377913705664
2,0.4764018018883107,0.8567939144467254
2,0.4840683560276575,-0.8975884828369277
0,0.18932898955019825,0.5094566555110559
0,-0.11336232314606456,0.48945151471837245
0,-0.39152431984747416,-0.20930410925601933
0,0.3413242202993282,-0.380363352729272
1,-0.23426241760770622,1.054938570567554
1,-0.6657638249922933,0.8252190656424402
0,0.5206823590412853,-0.055982137823655215
2,0.9414773831305057,0.4435052160198796
0,-0.3439523473332806,0.38844199776493193
0,0.2447067980440728,0.44826058104711314
1,-0.9854315837259986,-0.05336592985476838
2,0.7244573489807535,0.7524500664205915
1,0.2712407138570465,-0.9595843970102935
0,0.24905245821283775,-0.35515199159129635
0,-0.29982510692141895,0.29097481582142526
1,-0.8623024787510026,0.6343779823280968
2,0.5156693691843529,-0.8730335575674085
0,0.15552325033328313,0.5135187686434967
0,0.42020673314616297,-0.2652971265882651
2,0.8916367138356868,-0.5358486038595585
2,0.48706690649194645,-0.8473201573915177
0,0.3969610509030584,0.33160754941712756
1,-0.9613622846822076,-0.15503726971305198
0,-0.31401985646399977,-0.3431284877309341
1,-0.5897706606328734,-0.8496731019693652
0,0.3757339243107013,-0.40836198985982175
2,0.7755988129663448,0.7371034962730395
0,-0.29589665424268524,-0.3910275426759088
2,0.5147132812116876,0.8445406497034021
0,0.16730736163169446,0.3866064532551098
0,0.439976740110948,-0.2598225407332022
2,0.8276259998620469,-0.6710330120922633
0,-0.30010856732183866,0.3250310909290202
1,-0.07190814653084304,-0.9846101420425603
1,-0.42935213225491303,0.9261405666250496
0,-0.5120357064444021,-0.12273723953693286
1,0.16005456659745182,-1.0196961023516689
0,0.5117967138931544,-0.1344903577429425
1,-0.5044688013992048,-0.8701580991746702
2,0.39375500442466793,0.9253404550272818
2,0.9401306816713957,0.34170529702831176
-1,-0.6644948714746413,-0.11654780658423006
0,0.286452998402527,-0.37877252441934234
0,-0.40896887550288136,0.28385793491706174
0,0.21334339376773703,0.44366519739725324
0,0.49538538276370514,-0.20144803125291078
1,-0.9133269018200172,0.1595278057827629
1,-0.7860265242274125,0.5405760712258756
1,-0.1687414975267202,1.0544365282725834
0,0.12538039766219478,-0.4352509593009035
1,-0.8168431300010169,-0.601922764282385
0,0.13208035379305197,0.45919450481389573
2,0.9288431923489249,-0.24486627988517395
2,0.645080451196878,-0.8483781065854172
1,-0.4348292096959,-0.929348223561573
1,-0.8628266907502415,-0.05011131069163177
2,0.846503171205385,0.7180605338744817
3,-0.6762199025294777,-1.031418864856687
-1,0.2445961112292987,-0.08492036891231214
-1,-0.9053387516676002,-0.7456193690810768
2,0.5148017058056018,0.9057482293710517
-1,-0.16907783385164377,0.09726408258672126
-1,0.30398685692578864,-0.7154462138835773
-1,0.7634247392846092,-1.0905956957022755
1,-1.0040196300979831,-0.41826997857995296
1,-0.7188176179912316,0.4568274442188436
1,-0.06386428448272241,-0.9900644974644062
0,-0.13046379729664936,-0.48048021178168576
-1,0.018901161230075125,0.06137760535118497
-1,0.8954100957869717,1.0919691204320958
0,-0.5597918240787545,0.12240014837663526
-1,-0.13620273624514811,-0.2016493636859329
-1,-0.10496420752606883,-0.2288497093093369
2,0.8018827636505952,-0.5322972274655292
2,1.0340292781638678,-0.1295543474798927
2,0.0809229732070047,1.0333807905471637
0,-0.3315672181541922,-0.1027775877713013
-1,-0.7760548290846354,0.9060474602907886
1,-0.573523199646447,-0.7785888343743999
0,-0.28387711215709255,-0.4694915604946238
-1,0.5456367728836777,-0.5781155078462982
-1,-0.2086047391188982,-0.6161882239666499
0,0.40379332399349854,-0.04308229353489024
0,-0.12153707465470465,0.38943727030584463
-1,0.7315684049277782,0.8949574020170123
0,0.3512758103083429,-0.4635648982278485
-1,0.83023551965722,-0.7740651364969651
2,0.6676964071038058,0.6362852032182504
-1,0.7353118382960706,0.9913121704130796
0,-0.42447559593433026,-0.11623177774713545
0,-0.2936279338426483,-0.11985340654588728
2,0.707047198868578,-0.8337938091864565
0,-0.031016872817487773,-0.2807340102523036
0,0.12664712975214654,0.4749768211517169
-1,-1.048852420334605,0.7887038433132176
0,0.48385804104089614,-0.4038395216954169
0,-0.625003351581814,-0.06053907374883738
-1,0.9275579258636952,-1.0027505287969456
1,0.28466259787619896,-1.0573072506727863
-1,-0.8402117715672962,0.9930468747983754
1,-0.9474459819355466,-0.6071059810573842
0,-0.6566906175481486,0.008664203203132326
-1,-0.5628917730103615,0.3954566156926711
-1,-0.7812381272032249,0.02801771620246285
-1,-0.16628660665227935,-0.22924590246975918
-1,1.0159658778509653,-1.062480557148346
-1,-0.13733349836971365,-0.03178814290582821
-1,0.2482769865887957,0.7553636706994835
-1,-0.08439061808787396,-0.7482462428003429
0,-0.3024658613891624,0.33202281799984346
-1,1.0506920214723308,0.8957091191716358
3,-0.6996597139654677,-0.946822757707235
4,1.0255868209898407,-0.709553349355605
0,0.3058228736050004,-0.3524416886519329
0,0.12341348844391509,-0.380939107726439
1,0.2812574939523764,-0.8676811912873407
0,-0.6502974709600687,0.04299419973591867
-1,-0.6384055168385468,0.3016171898735929
-1,0.6076779809946233,0.3605810506757272
1,-0.7018986367191553,0.9344353562989622
-1,0.17287128948674302,-0.6571283033835696
1,-0.849408283701298,-0.023965263375930412
1,-0.5392032355343739,0.7803773522047952
-1,-0.07188931890790684,0.6727564258382197
-1,-0.07939940542794321,-0.7957991914196412
-1,0.4665588560593996,-1.0686950832068123
-1,0.707907946990807,-0.1450892797395975
-1,-0.515065909520625,0.3312259229329271
-1,0.7135411544210573,-0.4549255799043258
4,0.9432316346120042,-0.7201186192182896
1,-0.5647701845526925,-0.7305031800118905
0,0.05158109057288285,-0.44215206991647005
2,0.49536859344703665,-0.7562708318881597
1,-0.03252461254112471,-0.9429210281414943
-1,0.17352701447336605,-0.2954805946426281
1,-0.8876889561980283,-0.1751344256791736
1,-0.8695453273125497,-0.3818382037610194
-1,-0.5517425800950077,-1.0401494692266042
2,0.7155136822051968,-0.5097813614141172
1,-0.21014025732998154,-0.9799797266762934
0,0.14765972910193148,0.46980263006486056
2,0.7586971880814493,0.48166887384350776
2,1.0448918651482324,0.324519221422908
0,-0.35378200191616593,-0.18410050632048514
2,0.5815161455319675,0.9341105931564064
0,-0.5027292439103164,-0.25109425408511155
-1,0.33853441675525975,-0.5739874105919464
-1,0.9844457782345133,-0.9247457838660802
-1,1.046851842637356,-0.8961843050184178
-1,0.17711159821205635,-0.01111936030693017
2,0.7606219851609957,0.8218949826024509
-1,-0.6994470857716677,-0.3775937892852347
-1,-0.301739463736855,0.6865463949858472
4,1.0082245476989105,-0.6920483088639681
4,1.079373132328735,-0.6538992900560919
1,0.18886205406354328,-0.9331510411410859
1,-0.580249112215685,-0.9640987918135531
0,0.23643398085372902,-0.37812167832567145
2,0.7059030997912052,-0.8059014250776522
-1,-1.0119795870774873,0.630803867612783
2,0.48699400476575816,0.8833372390915719
1,-0.854681290340014,0.2535386650141207
-1,0.9230592120282237,-0.9171853616163019
0,0.4752492204996741,0.3703835283061203
1,-0.31890438653753084,-0.9303532761689666
0,-0.08633046834019753,0.45802203060752955
-1,0.22197634645211495,0.09418433338110677
-1,0.24574171331040318,0.7851625294262963
2,0.4004326455252356,-0.7802479851451161
0,-0.006880644990644003,-0.3951521794973104
-1,-0.5981538650905951,-0.5313073627099589
1,-0.8095350340843313,0.6610364225008727
1,-0.7951649481142755,-0.34710008000075665
-1,-1.094700563280414,0.5989661011477392
-1,-0.050177796409863085,0.25608492085278445
-1,1.074067978520958,-0.5979025827474705
-1,-0.5179892143369786,-0.39295017465286364
1,-0.21863768950691365,1.0871344952172552
0,-0.4819085635399225,-0.24188431548554656
1,-0.8380943939026261,0.6736843192143045
2,0.888222375494216,-0.5172253837301644
-1,0.6858082795080191,-1.0161131252567808
-1,0.21376175690084653,-0.11243574028702796
-1,1.034287618946085,0.730669142216001
-1,-0.1998617141462491,0.074641738404434
-1,-1.093340951150423,-0.6718609637005446
0,0.4900611384142832,-0.04356375212030206
1,-1.0083320446066806,-0.3298343978608568
-1,0.059677866045311445,-0.2117385039010391
4,1.0632897076977672,-0.7035595252800302
-1,-1.0465655529001994,0.5145442268518521
-1,-0.09230171261352615,0.10383121065066714
0,0.5289501034626645,0.4051851976981906
-1,-0.6607002023341529,0.3603642482519578
0,-0.6442601341234859,-0.21283497640862226
1,-0.12544677716898667,0.994117904258909
1,-0.15443880614822048,-0.884561592768631
0,-0.6917927760175406,0.0020433023426627006
2,0.7169834478195438,-0.8138851658367425
-1,-0.17709255848743455,0.8186987609080538
4,0.9562717513839019,-0.6739806101449528
0,0.4608318087203276,-0.36895620328627354
2,0.9188183695849421,0.07743831806682566
-1,0.699170964045486,0.40539224673542695
-1,1.0107082722678267,0.7839083933944266
0,-0.31610079004472513,-0.06639576220198995
-1,0.8560287655160783,0.9525431904732462
-1,-0.026655993795372313,0.2067995780387033
1,-0.7922907266890573,0.3610825822512276
1,-0.812241204137519,0.7878463043638859
1,-0.6921824232563336,0.9045748486779732
3,-0.6669203089696636,-0.9512351597656411
1,-0.7465140057527084,-0.8302675997091155
-1,-0.7702693187735227,-0.011762028190501761
2,0.3320910672733297,1.060031820724445
0,0.4764096721064284,0.09510783501815401
-1,0.5672114916265154,0.6429302052892776
1,-0.8580031820769132,-0.6807039169945631
3,-0.7085702963689533,-1.0551830843095191
2,0.406472074629437,0.6949250183171731
1,-0.0637913154601375,-0.9776606931204271
-1,0.5540854623663343,-0.598872267387307
-1,-0.9677949959985676,0.8881878245313444
-1,0.08898552233789214,0.7872749555834011
-1,0.21969127968497704,-0.11570551079912772
0,-0.22715582988982397,-0.3971993010260947
1,-0.7364705455487845,0.5187148919394551
2,0.5391551711641278,0.840445968628375
-1,-0.9427031174767289,0.9625069064263176
1,-0.8195744573170027,0.6912308831194662
1,-0.8312664805542667,-0.4294510359320739
2,0.18031322156967966,1.0776306082115281
2,0.5203483935477182,-0.6578119582608253
-1,-1.0990425767778933,-0.430394331134226
1,-0.9058686181369501,-0.21653717801036332
1,-0.25075463666561815,-1.050944992982886
-1,0.8069171985255088,0.11111206151950137
-1,-0.830336877249976,0.8901815524500756
-1,0.794649024466457,1.0007472999545974
3,-0.6903323773266623,-1.0016681697026644
2,0.7570523746382434,0.769930430958147
-1,0.6091618750751213,-0.5316413617117092
-1,0.10697605957996936,-0.05931060890100892
-1,0.7087654188256898,-0.985719721452726
1,0.16347605368704077,-1.0644076305941323
-1,-0.9368870087877671,-0.9402693990847892
1,-1.0056222764416896,-0.19589793729754756
-1,-0.8030604005226829,-1.0131262440723028
2,0.08910944966983281,0.9741954082370172
-1,-0.10243095677806813,0.2604277156842951
-1,0.46340169717467083,-0.5382702052172182
2,0.022273405168454108,0.9575522780706265
